id,name,abbr,team,pos,color,photo,gp,g,a,pts,plusMinus,pim,shots
8476453,Nikita Kucherov,NHL,NHL,R,#38bdf8,https://assets.nhle.com/mugs/nhl/latest/8476453.png,64,40,78,118,44,44,198
8478402,Connor McDavid,NHL,NHL,C,#38bdf8,https://assets.nhle.com/mugs/nhl/latest/8478402.png,71,38,78,116,8,34,257
8477492,Nathan MacKinnon,NHL,NHL,C,#38bdf8,https://assets.nhle.com/mugs/nhl/latest/8477492.png,67,45,69,114,57,35,300
8477934,Leon Draisaitl,NHL,NHL,C,#38bdf8,https://assets.nhle.com/mugs/nhl/latest/8477934.png,65,35,62,97,13,26,186
8484801,Macklin Celebrini,NHL,NHL,C,#38bdf8,https://assets.nhle.com/mugs/nhl/latest/8484801.png,68,35,61,96,3,40,236
8477956,David Pastrnak,NHL,NHL,R,#38bdf8,https://assets.nhle.com/mugs/nhl/latest/8477956.png,65,28,58,86,1,60,226
8480018,Nick Suzuki,NHL,NHL,C,#38bdf8,https://assets.nhle.com/mugs/nhl/latest/8480018.png,69,24,61,85,27,24,152
8480039,Martin Necas,NHL,NHL,C,#38bdf8,https://assets.nhle.com/mugs/nhl/latest/8480039.png,65,32,52,84,44,30,169
8476460,Mark Scheifele,NHL,NHL,C,#38bdf8,https://assets.nhle.com/mugs/nhl/latest/8476460.png,69,31,52,83,0,24,147
8480027,Jason Robertson,NHL,NHL,L,#38bdf8,https://assets.nhle.com/mugs/nhl/latest/8480027.png,69,38,44,82,22,26,243
8478864,Kirill Kaprizov,NHL,NHL,L,#38bdf8,https://assets.nhle.com/mugs/nhl/latest/8478864.png,69,38,42,80,8,28,242
8480803,Evan Bouchard,NHL,NHL,D,#38bdf8,https://assets.nhle.com/mugs/nhl/latest/8480803.png,71,19,60,79,15,26,198
8478398,Kyle Connor,NHL,NHL,L,#38bdf8,https://assets.nhle.com/mugs/nhl/latest/8478398.png,69,31,47,78,-2,16,226
8478460,Zach Werenski,NHL,NHL,D,#38bdf8,https://assets.nhle.com/mugs/nhl/latest/8478460.png,62,20,55,75,11,14,219
8481557,Matt Boldy,NHL,NHL,L,#38bdf8,https://assets.nhle.com/mugs/nhl/latest/8481557.png,67,38,37,75,16,28,225
8482740,Wyatt Johnston,NHL,NHL,C,#38bdf8,https://assets.nhle.com/mugs/nhl/latest/8482740.png,69,37,37,74,-1,22,179
8481540,Cole Caufield,NHL,NHL,R,#38bdf8,https://assets.nhle.com/mugs/nhl/latest/8481540.png,68,43,31,74,21,14,208
8478403,Jack Eichel,NHL,NHL,C,#38bdf8,https://assets.nhle.com/mugs/nhl/latest/8478403.png,62,24,50,74,9,12,222
8479337,Alex DeBrincat,NHL,NHL,R,#38bdf8,https://assets.nhle.com/mugs/nhl/latest/8479337.png,70,35,38,73,7,12,245
8478550,Artemi Panarin,NHL,NHL,L,#38bdf8,https://assets.nhle.com/mugs/nhl/latest/8478550.png,65,24,49,73,-11,18,193
8482116,Tim Stützle,NHL,NHL,C,#38bdf8,https://assets.nhle.com/mugs/nhl/latest/8482116.png,69,32,40,72,7,35,169
8479420,Tage Thompson,NHL,NHL,C,#38bdf8,https://assets.nhle.com/mugs/nhl/latest/8479420.png,70,36,36,72,-4,29,239
8477404,Jake Guentzel,NHL,NHL,C,#38bdf8,https://assets.nhle.com/mugs/nhl/latest/8477404.png,68,31,41,72,10,51,181
8478427,Sebastian Aho,NHL,NHL,C,#38bdf8,https://assets.nhle.com/mugs/nhl/latest/8478427.png,69,24,47,71,9,40,166
8480069,Cale Makar,NHL,NHL,D,#38bdf8,https://assets.nhle.com/mugs/nhl/latest/8480069.png,68,20,50,70,32,24,183
8478483,Mitch Marner,NHL,NHL,R,#38bdf8,https://assets.nhle.com/mugs/nhl/latest/8478483.png,69,19,50,69,14,20,132
8483457,Lane Hutson,NHL,NHL,D,#38bdf8,https://assets.nhle.com/mugs/nhl/latest/8483457.png,69,11,58,69,26,32,111
8478420,Mikko Rantanen,NHL,NHL,R,#38bdf8,https://assets.nhle.com/mugs/nhl/latest/8478420.png,54,20,49,69,2,87,126
8480800,Quinn Hughes,NHL,NHL,D,#38bdf8,https://assets.nhle.com/mugs/nhl/latest/8480800.png,65,6,63,69,-2,28,168
8482078,Lucas Raymond,NHL,NHL,L,#38bdf8,https://assets.nhle.com/mugs/nhl/latest/8482078.png,68,22,46,68,10,14,148
8479542,Brandon Hagel,NHL,NHL,L,#38bdf8,https://assets.nhle.com/mugs/nhl/latest/8479542.png,63,32,35,67,35,54,183
8479343,Clayton Keller,NHL,NHL,R,#38bdf8,https://assets.nhle.com/mugs/nhl/latest/8479343.png,70,22,45,67,22,28,195
8476459,Mika Zibanejad,NHL,NHL,C,#38bdf8,https://assets.nhle.com/mugs/nhl/latest/8476459.png,68,29,37,66,-21,12,179
8477939,William Nylander,NHL,NHL,R,#38bdf8,https://assets.nhle.com/mugs/nhl/latest/8477939.png,54,24,41,65,-5,14,121
8484144,Connor Bedard,NHL,NHL,C,#38bdf8,https://assets.nhle.com/mugs/nhl/latest/8484144.png,56,28,37,65,-2,40,185
8475158,Ryan O'Reilly,NHL,NHL,C,#38bdf8,https://assets.nhle.com/mugs/nhl/latest/8475158.png,68,24,40,64,7,18,135
8478445,Mathew Barzal,NHL,NHL,C,#38bdf8,https://assets.nhle.com/mugs/nhl/latest/8478445.png,69,18,46,64,14,59,154
8480839,Rasmus Dahlin,NHL,NHL,D,#38bdf8,https://assets.nhle.com/mugs/nhl/latest/8480839.png,66,15,48,63,13,64,167
8471675,Sidney Crosby,NHL,NHL,C,#38bdf8,https://assets.nhle.com/mugs/nhl/latest/8471675.png,58,28,34,62,0,42,137
8483445,Cutter Gauthier,NHL,NHL,L,#38bdf8,https://assets.nhle.com/mugs/nhl/latest/8483445.png,68,36,26,62,1,26,255
8475913,Mark Stone,NHL,NHL,R,#38bdf8,https://assets.nhle.com/mugs/nhl/latest/8475913.png,48,21,41,62,13,9,103
8479987,Morgan Geekie,NHL,NHL,C,#38bdf8,https://assets.nhle.com/mugs/nhl/latest/8479987.png,69,34,27,61,-5,18,158
8483515,Juraj Slafkovský,NHL,NHL,L,#38bdf8,https://assets.nhle.com/mugs/nhl/latest/8483515.png,69,27,34,61,5,44,151
8477951,Nick Schmaltz,NHL,NHL,C,#38bdf8,https://assets.nhle.com/mugs/nhl/latest/8477951.png,70,24,37,61,22,26,166
8480208,Drake Batherson,NHL,NHL,R,#38bdf8,https://assets.nhle.com/mugs/nhl/latest/8480208.png,66,27,34,61,-4,25,145
8477933,Sam Reinhart,NHL,NHL,C,#38bdf8,https://assets.nhle.com/mugs/nhl/latest/8477933.png,64,29,32,61,-18,10,166
8478439,Travis Konecny,NHL,NHL,R,#38bdf8,https://assets.nhle.com/mugs/nhl/latest/8478439.png,65,25,35,60,12,55,144
8478178,Darren Raddysh,NHL,NHL,D,#38bdf8,https://assets.nhle.com/mugs/nhl/latest/8478178.png,61,18,42,60,24,48,170
8476887,Filip Forsberg,NHL,NHL,L,#38bdf8,https://assets.nhle.com/mugs/nhl/latest/8476887.png,69,30,29,59,-5,32,214
8480830,Andrei Svechnikov,NHL,NHL,R,#38bdf8,https://assets.nhle.com/mugs/nhl/latest/8480830.png,69,25,34,59,1,56,174
8477960,Adrian Kempe,NHL,NHL,R,#38bdf8,https://assets.nhle.com/mugs/nhl/latest/8477960.png,68,26,33,59,8,56,191
8482699,Dylan Guenther,NHL,NHL,R,#38bdf8,https://assets.nhle.com/mugs/nhl/latest/8482699.png,68,34,25,59,6,26,212
8480893,Kirill Marchenko,NHL,NHL,R,#38bdf8,https://assets.nhle.com/mugs/nhl/latest/8480893.png,63,25,33,58,5,30,185
8477949,Alex Tuch,NHL,NHL,R,#38bdf8,https://assets.nhle.com/mugs/nhl/latest/8477949.png,67,28,30,58,19,49,164
8480036,Miro Heiskanen,NHL,NHL,D,#38bdf8,https://assets.nhle.com/mugs/nhl/latest/8480036.png,67,9,49,58,16,22,134
8481604,Pavel Dorofeyev,NHL,NHL,R,#38bdf8,https://assets.nhle.com/mugs/nhl/latest/8481604.png,70,34,23,57,-3,22,196
8475166,John Tavares,NHL,NHL,C,#38bdf8,https://assets.nhle.com/mugs/nhl/latest/8475166.png,71,25,32,57,-26,28,173
8482720,Matthew Knies,NHL,NHL,L,#38bdf8,https://assets.nhle.com/mugs/nhl/latest/8482720.png,68,18,39,57,-19,25,126
8475810,Bryan Rust,NHL,NHL,R,#38bdf8,https://assets.nhle.com/mugs/nhl/latest/8475810.png,62,26,30,56,5,18,162
8477940,Nikolaj Ehlers,NHL,NHL,L,#38bdf8,https://assets.nhle.com/mugs/nhl/latest/8477940.png,69,20,36,56,6,10,169
8475754,Brock Nelson,NHL,NHL,C,#38bdf8,https://assets.nhle.com/mugs/nhl/latest/8475754.png,68,31,25,56,10,28,164
8482093,Seth Jarvis,NHL,NHL,C,#38bdf8,https://assets.nhle.com/mugs/nhl/latest/8482093.png,61,28,28,56,6,21,192
8484153,Leo Carlsson,NHL,NHL,C,#38bdf8,https://assets.nhle.com/mugs/nhl/latest/8484153.png,57,24,32,56,2,31,147
8480014,Gabriel Vilardi,NHL,NHL,C,#38bdf8,https://assets.nhle.com/mugs/nhl/latest/8480014.png,69,26,30,56,-8,20,132
8477946,Dylan Larkin,NHL,NHL,C,#38bdf8,https://assets.nhle.com/mugs/nhl/latest/8477946.png,63,28,27,55,7,42,191
8474564,Steven Stamkos,NHL,NHL,C,#38bdf8,https://assets.nhle.com/mugs/nhl/latest/8474564.png,69,33,22,55,-21,40,164
8481533,Trevor Zegras,NHL,NHL,C,#38bdf8,https://assets.nhle.com/mugs/nhl/latest/8481533.png,69,22,33,55,-2,46,146
8481559,Jack Hughes,NHL,NHL,C,#38bdf8,https://assets.nhle.com/mugs/nhl/latest/8481559.png,48,18,37,55,-3,4,170
8475745,Charlie Coyle,NHL,NHL,C,#38bdf8,https://assets.nhle.com/mugs/nhl/latest/8475745.png,69,17,38,55,11,12,125
8479407,Jesper Bratt,NHL,NHL,L,#38bdf8,https://assets.nhle.com/mugs/nhl/latest/8479407.png,69,17,38,55,-16,12,153
8473419,Brad Marchand,NHL,NHL,L,#38bdf8,https://assets.nhle.com/mugs/nhl/latest/8473419.png,52,27,27,54,-16,38,138
8476881,Tomas Hertl,NHL,NHL,C,#38bdf8,https://assets.nhle.com/mugs/nhl/latest/8476881.png,70,24,30,54,-14,39,175
8474578,Erik Karlsson,NHL,NHL,D,#38bdf8,https://assets.nhle.com/mugs/nhl/latest/8474578.png,64,11,43,54,14,18,149
8477935,Sam Bennett,NHL,NHL,C,#38bdf8,https://assets.nhle.com/mugs/nhl/latest/8477935.png,68,25,28,53,-9,76,177
8477511,Anthony Mantha,NHL,NHL,R,#38bdf8,https://assets.nhle.com/mugs/nhl/latest/8477511.png,69,26,27,53,14,31,130
8479318,Auston Matthews,NHL,NHL,C,#38bdf8,https://assets.nhle.com/mugs/nhl/latest/8479318.png,60,27,26,53,-4,18,227
8479325,Charlie McAvoy,NHL,NHL,D,#38bdf8,https://assets.nhle.com/mugs/nhl/latest/8479325.png,58,9,44,53,8,52,95
8471214,Alex Ovechkin,NHL,NHL,L,#38bdf8,https://assets.nhle.com/mugs/nhl/latest/8471214.png,70,25,27,52,-3,24,201
8484762,Beckett Sennecke,NHL,NHL,R,#38bdf8,https://assets.nhle.com/mugs/nhl/latest/8484762.png,69,20,32,52,-14,46,166
8484166,Adam Fantilli,NHL,NHL,C,#38bdf8,https://assets.nhle.com/mugs/nhl/latest/8484166.png,69,21,31,52,-10,34,185
8476880,Tom Wilson,NHL,NHL,R,#38bdf8,https://assets.nhle.com/mugs/nhl/latest/8476880.png,60,25,27,52,15,90,130
8484984,Ivan Demidov,NHL,NHL,R,#38bdf8,https://assets.nhle.com/mugs/nhl/latest/8484984.png,69,14,38,52,3,26,104
8480002,Nico Hischier,NHL,NHL,C,#38bdf8,https://assets.nhle.com/mugs/nhl/latest/8480002.png,69,24,28,52,-11,27,179
8471215,Evgeni Malkin,NHL,NHL,C,#38bdf8,https://assets.nhle.com/mugs/nhl/latest/8471215.png,49,15,37,52,14,55,129
8476454,Ryan Nugent-Hopkins,NHL,NHL,C,#38bdf8,https://assets.nhle.com/mugs/nhl/latest/8476454.png,61,18,33,51,-13,19,108
8478401,Pavel Zacha,NHL,NHL,C,#38bdf8,https://assets.nhle.com/mugs/nhl/latest/8478401.png,67,23,28,51,-1,28,112
8481528,Dylan Cozens,NHL,NHL,C,#38bdf8,https://assets.nhle.com/mugs/nhl/latest/8481528.png,69,24,27,51,-9,53,166
8479345,Jakob Chychrun,NHL,NHL,D,#38bdf8,https://assets.nhle.com/mugs/nhl/latest/8479345.png,68,23,28,51,15,55,203
8485366,Matthew Schaefer,NHL,NHL,D,#38bdf8,https://assets.nhle.com/mugs/nhl/latest/8485366.png,70,22,29,51,14,36,176
8478440,Dylan Strome,NHL,NHL,C,#38bdf8,https://assets.nhle.com/mugs/nhl/latest/8478440.png,68,16,34,50,3,34,129
8477409,Carter Verhaeghe,NHL,NHL,C,#38bdf8,https://assets.nhle.com/mugs/nhl/latest/8477409.png,67,20,29,49,-11,32,161
8480802,Ryan McLeod,NHL,NHL,C,#38bdf8,https://assets.nhle.com/mugs/nhl/latest/8480802.png,70,12,37,49,28,12,83
8477479,Tyler Bertuzzi,NHL,NHL,L,#38bdf8,https://assets.nhle.com/mugs/nhl/latest/8477479.png,66,28,21,49,-21,36,141
8477500,Bo Horvat,NHL,NHL,C,#38bdf8,https://assets.nhle.com/mugs/nhl/latest/8477500.png,56,28,21,49,10,40,186
8478873,Troy Terry,NHL,NHL,R,#38bdf8,https://assets.nhle.com/mugs/nhl/latest/8478873.png,49,14,35,49,11,12,117
8474586,Jordan Eberle,NHL,NHL,R,#38bdf8,https://assets.nhle.com/mugs/nhl/latest/8474586.png,67,22,27,49,6,24,148
8476389,Vincent Trocheck,NHL,NHL,C,#38bdf8,https://assets.nhle.com/mugs/nhl/latest/8476389.png,54,15,33,48,-16,50,95
8482105,Jake Sanderson,NHL,NHL,D,#38bdf8,https://assets.nhle.com/mugs/nhl/latest/8482105.png,62,11,37,48,9,8,133
8482146,Luke Evangelista,NHL,NHL,R,#38bdf8,https://assets.nhle.com/mugs/nhl/latest/8482146.png,68,9,39,48,5,14,144
8481542,Moritz Seider,NHL,NHL,D,#38bdf8,https://assets.nhle.com/mugs/nhl/latest/8481542.png,70,9,39,48,20,55,157
8478519,Anthony Cirelli,NHL,NHL,C,#38bdf8,https://assets.nhle.com/mugs/nhl/latest/8478519.png,60,19,29,48,32,42,106
8477964,Ivan Barbashev,NHL,NHL,L,#38bdf8,https://assets.nhle.com/mugs/nhl/latest/8477964.png,70,19,29,48,9,12,112
8482122,Brock Faber,NHL,NHL,D,#38bdf8,https://assets.nhle.com/mugs/nhl/latest/8482122.png,71,14,33,47,21,35,156
8481656,Aliaksei Protas,NHL,NHL,L,#38bdf8,https://assets.nhle.com/mugs/nhl/latest/8481656.png,66,23,24,47,18,20,141
8474590,John Carlson,NHL,NHL,D,#38bdf8,https://assets.nhle.com/mugs/nhl/latest/8474590.png,58,10,37,47,13,28,121
8480801,Brady Tkachuk,NHL,NHL,L,#38bdf8,https://assets.nhle.com/mugs/nhl/latest/8480801.png,49,19,28,47,1,53,188
8482109,Alexis Lafrenière,NHL,NHL,L,#38bdf8,https://assets.nhle.com/mugs/nhl/latest/8482109.png,69,20,27,47,-9,18,138
8481605,Jackson LaCombe,NHL,NHL,D,#38bdf8,https://assets.nhle.com/mugs/nhl/latest/8481605.png,69,8,39,47,0,17,132
8480023,Robert Thomas,NHL,NHL,C,#38bdf8,https://assets.nhle.com/mugs/nhl/latest/8480023.png,52,16,30,46,13,16,80
8474600,Roman Josi,NHL,NHL,D,#38bdf8,https://assets.nhle.com/mugs/nhl/latest/8474600.png,57,11,35,46,-18,24,154
8477504,Josh Morrissey,NHL,NHL,D,#38bdf8,https://assets.nhle.com/mugs/nhl/latest/8477504.png,64,12,34,46,6,26,115
8475786,Zach Hyman,NHL,NHL,L,#38bdf8,https://assets.nhle.com/mugs/nhl/latest/8475786.png,52,29,17,46,6,20,152
8482659,Josh Doan,NHL,NHL,R,#38bdf8,https://assets.nhle.com/mugs/nhl/latest/8482659.png,70,22,24,46,-6,23,155
8480865,Noah Dobson,NHL,NHL,D,#38bdf8,https://assets.nhle.com/mugs/nhl/latest/8480865.png,69,12,33,45,11,32,142
8475172,Nazem Kadri,NHL,NHL,C,#38bdf8,https://assets.nhle.com/mugs/nhl/latest/8475172.png,68,14,31,45,-25,24,194
8479410,Mikhail Sergachev,NHL,NHL,D,#38bdf8,https://assets.nhle.com/mugs/nhl/latest/8479410.png,66,10,35,45,3,38,136
8484227,Will Smith,NHL,NHL,C,#38bdf8,https://assets.nhle.com/mugs/nhl/latest/8484227.png,55,19,26,45,-3,14,134
8478010,Brayden Point,NHL,NHL,C,#38bdf8,https://assets.nhle.com/mugs/nhl/latest/8478010.png,50,16,29,45,9,12,100
8482097,Jack Quinn,NHL,NHL,R,#38bdf8,https://assets.nhle.com/mugs/nhl/latest/8482097.png,70,16,28,44,8,16,150
8475726,Tyler Toffoli,NHL,NHL,C,#38bdf8,https://assets.nhle.com/mugs/nhl/latest/8475726.png,67,18,26,44,-9,10,151
8477505,Alexander Wennberg,NHL,NHL,C,#38bdf8,https://assets.nhle.com/mugs/nhl/latest/8477505.png,67,13,31,44,-24,18,79
8478493,Joel Eriksson Ek,NHL,NHL,C,#38bdf8,https://assets.nhle.com/mugs/nhl/latest/8478493.png,62,17,27,44,13,26,173
8478449,Roope Hintz,NHL,NHL,C,#38bdf8,https://assets.nhle.com/mugs/nhl/latest/8478449.png,53,15,29,44,16,18,126
8482113,Anton Lundell,NHL,NHL,C,#38bdf8,https://assets.nhle.com/mugs/nhl/latest/8482113.png,64,18,26,44,-8,34,138
8482665,Matty Beniers,NHL,NHL,C,#38bdf8,https://assets.nhle.com/mugs/nhl/latest/8482665.png,69,18,26,44,-5,23,128
8473512,Claude Giroux,NHL,NHL,R,#38bdf8,https://assets.nhle.com/mugs/nhl/latest/8473512.png,69,12,31,43,20,22,115
8476906,Shayne Gostisbehere,NHL,NHL,D,#38bdf8,https://assets.nhle.com/mugs/nhl/latest/8476906.png,45,11,32,43,10,14,98
8475149,Marcus Johansson,NHL,NHL,L,#38bdf8,https://assets.nhle.com/mugs/nhl/latest/8475149.png,64,14,29,43,18,10,88
8482809,Jackson Blake,NHL,NHL,R,#38bdf8,https://assets.nhle.com/mugs/nhl/latest/8482809.png,69,20,23,43,5,38,149
8480015,Owen Tippett,NHL,NHL,R,#38bdf8,https://assets.nhle.com/mugs/nhl/latest/8480015.png,69,24,18,42,-8,28,187
8475692,Mats Zuccarello,NHL,NHL,R,#38bdf8,https://assets.nhle.com/mugs/nhl/latest/8475692.png,51,13,29,42,-7,16,108
8482667,William Eklund,NHL,NHL,L,#38bdf8,https://assets.nhle.com/mugs/nhl/latest/8482667.png,64,12,30,42,-31,28,153
8482175,JJ Peterka,NHL,NHL,R,#38bdf8,https://assets.nhle.com/mugs/nhl/latest/8482175.png,70,22,20,42,8,26,134
8477496,Elias Lindholm,NHL,NHL,C,#38bdf8,https://assets.nhle.com/mugs/nhl/latest/8477496.png,57,13,29,42,-5,34,94
8477476,Artturi Lehkonen,NHL,NHL,L,#38bdf8,https://assets.nhle.com/mugs/nhl/latest/8477476.png,59,19,23,42,31,12,138
8474141,Patrick Kane,NHL,NHL,R,#38bdf8,https://assets.nhle.com/mugs/nhl/latest/8474141.png,55,12,30,42,1,14,142
8477402,Pavel Buchnevich,NHL,NHL,L,#38bdf8,https://assets.nhle.com/mugs/nhl/latest/8477402.png,69,16,26,42,-15,26,127
8475184,Chris Kreider,NHL,NHL,L,#38bdf8,https://assets.nhle.com/mugs/nhl/latest/8475184.png,63,21,21,42,-2,26,114
8478407,Vince Dunn,NHL,NHL,D,#38bdf8,https://assets.nhle.com/mugs/nhl/latest/8478407.png,68,11,30,41,-24,38,146
8480012,Elias Pettersson,NHL,NHL,C,#38bdf8,https://assets.nhle.com/mugs/nhl/latest/8480012.png,61,15,26,41,-21,18,108
8476905,Chandler Stephenson,NHL,NHL,C,#38bdf8,https://assets.nhle.com/mugs/nhl/latest/8476905.png,67,14,27,41,-25,14,87
8478042,Viktor Arvidsson,NHL,NHL,L,#38bdf8,https://assets.nhle.com/mugs/nhl/latest/8478042.png,58,19,22,41,17,22,150
8477989,Christian Dvorak,NHL,NHL,C,#38bdf8,https://assets.nhle.com/mugs/nhl/latest/8477989.png,68,14,27,41,5,20,130
8477942,Kevin Fiala,NHL,NHL,L,#38bdf8,https://assets.nhle.com/mugs/nhl/latest/8477942.png,56,18,22,40,-11,34,147
8475765,Vladimir Tarasenko,NHL,NHL,R,#38bdf8,https://assets.nhle.com/mugs/nhl/latest/8475765.png,64,20,20,40,-4,8,127
8484911,Collin Graf,NHL,NHL,R,#38bdf8,https://assets.nhle.com/mugs/nhl/latest/8484911.png,67,19,21,40,2,10,95
8477501,Valeri Nichushkin,NHL,NHL,R,#38bdf8,https://assets.nhle.com/mugs/nhl/latest/8477501.png,59,15,25,40,4,22,133
8477429,Andrew Copp,NHL,NHL,C,#38bdf8,https://assets.nhle.com/mugs/nhl/latest/8477429.png,67,9,30,39,3,22,99
8479425,Filip Hronek,NHL,NHL,D,#38bdf8,https://assets.nhle.com/mugs/nhl/latest/8479425.png,69,8,31,39,-5,22,104
8476468,J.T. Miller,NHL,NHL,C,#38bdf8,https://assets.nhle.com/mugs/nhl/latest/8476468.png,55,14,25,39,-28,20,118
8480807,Mattias Samuelsson,NHL,NHL,D,#38bdf8,https://assets.nhle.com/mugs/nhl/latest/8480807.png,67,12,27,39,35,24,96
8480220,Noah Cates,NHL,NHL,L,#38bdf8,https://assets.nhle.com/mugs/nhl/latest/8480220.png,69,15,23,38,19,42,106
8474150,Mikael Backlund,NHL,NHL,C,#38bdf8,https://assets.nhle.com/mugs/nhl/latest/8474150.png,69,15,23,38,11,16,165
8475791,Taylor Hall,NHL,NHL,L,#38bdf8,https://assets.nhle.com/mugs/nhl/latest/8475791.png,69,15,23,38,8,40,118
8482259,Bobby McMann,NHL,NHL,C,#38bdf8,https://assets.nhle.com/mugs/nhl/latest/8482259.png,65,23,15,38,-4,42,138
8481596,Shane Pinto,NHL,NHL,C,#38bdf8,https://assets.nhle.com/mugs/nhl/latest/8481596.png,59,18,20,38,3,40,133
8482730,Brandt Clarke,NHL,NHL,D,#38bdf8,https://assets.nhle.com/mugs/nhl/latest/8482730.png,69,8,30,38,4,46,135
8484387,Matvei Michkov,NHL,NHL,R,#38bdf8,https://assets.nhle.com/mugs/nhl/latest/8484387.png,68,16,21,37,-8,59,134
8481601,Simon Holmstrom,NHL,NHL,R,#38bdf8,https://assets.nhle.com/mugs/nhl/latest/8481601.png,68,17,20,37,13,16,85
8475218,Mattias Ekholm,NHL,NHL,D,#38bdf8,https://assets.nhle.com/mugs/nhl/latest/8475218.png,71,6,31,37,25,28,120
8478397,Rasmus Andersson,NHL,NHL,D,#38bdf8,https://assets.nhle.com/mugs/nhl/latest/8478397.png,69,12,25,37,-3,65,148
8475722,Jason Zucker,NHL,NHL,L,#38bdf8,https://assets.nhle.com/mugs/nhl/latest/8475722.png,51,20,17,37,-3,21,106
8478438,Thomas Novak,NHL,NHL,C,#38bdf8,https://assets.nhle.com/mugs/nhl/latest/8478438.png,69,15,22,37,5,24,107
8475314,Anders Lee,NHL,NHL,L,#38bdf8,https://assets.nhle.com/mugs/nhl/latest/8475314.png,70,15,21,36,3,34,171
8482124,Quinton Byfield,NHL,NHL,R,#38bdf8,https://assets.nhle.com/mugs/nhl/latest/8482124.png,66,14,22,36,-10,40,142
8478444,Brock Boeser,NHL,NHL,R,#38bdf8,https://assets.nhle.com/mugs/nhl/latest/8478444.png,62,16,20,36,-32,8,137
8479999,Casey Mittelstadt,NHL,NHL,C,#38bdf8,https://assets.nhle.com/mugs/nhl/latest/8479999.png,60,13,23,36,9,8,70
8479323,Adam Fox,NHL,NHL,D,#38bdf8,https://assets.nhle.com/mugs/nhl/latest/8479323.png,42,5,31,36,5,18,71
8479385,Jordan Kyrou,NHL,NHL,R,#38bdf8,https://assets.nhle.com/mugs/nhl/latest/8479385.png,59,16,20,36,-8,6,150
8484186,Ryan Leonard,NHL,NHL,R,#38bdf8,https://assets.nhle.com/mugs/nhl/latest/8484186.png,63,15,21,36,0,34,123
8483516,Jimmy Snuggerud,NHL,NHL,R,#38bdf8,https://assets.nhle.com/mugs/nhl/latest/8483516.png,57,15,21,36,4,12,130
8477955,Jared McCann,NHL,NHL,L,#38bdf8,https://assets.nhle.com/mugs/nhl/latest/8477955.png,44,18,18,36,-3,11,103
8476483,Rickard Rakell,NHL,NHL,R,#38bdf8,https://assets.nhle.com/mugs/nhl/latest/8476483.png,48,14,21,35,5,6,127
8481524,Bowen Byram,NHL,NHL,D,#38bdf8,https://assets.nhle.com/mugs/nhl/latest/8481524.png,70,10,25,35,13,46,95
8481711,Matias Maccelli,NHL,NHL,L,#38bdf8,https://assets.nhle.com/mugs/nhl/latest/8481711.png,60,14,21,35,-16,14,82
8475171,Oliver Ekman-Larsson,NHL,NHL,D,#38bdf8,https://assets.nhle.com/mugs/nhl/latest/8475171.png,68,8,27,35,-7,56,100
8480009,Eeli Tolvanen,NHL,NHL,R,#38bdf8,https://assets.nhle.com/mugs/nhl/latest/8480009.png,66,12,23,35,-14,26,120
8477497,Sean Monahan,NHL,NHL,C,#38bdf8,https://assets.nhle.com/mugs/nhl/latest/8477497.png,65,12,23,35,6,12,114
8483493,Frank Nazar,NHL,NHL,C,#38bdf8,https://assets.nhle.com/mugs/nhl/latest/8483493.png,53,11,23,34,-15,24,110
8480028,Morgan Frost,NHL,NHL,C,#38bdf8,https://assets.nhle.com/mugs/nhl/latest/8480028.png,69,16,18,34,-18,24,117
8478975,Mason Marchment,NHL,NHL,L,#38bdf8,https://assets.nhle.com/mugs/nhl/latest/8478975.png,56,16,18,34,8,52,97
8482775,Oliver Kapanen,NHL,NHL,C,#38bdf8,https://assets.nhle.com/mugs/nhl/latest/8482775.png,69,20,14,34,3,20,115
8478414,Timo Meier,NHL,NHL,R,#38bdf8,https://assets.nhle.com/mugs/nhl/latest/8478414.png,64,19,15,34,-17,18,228
8481580,Connor McMichael,NHL,NHL,L,#38bdf8,https://assets.nhle.com/mugs/nhl/latest/8481580.png,66,10,24,34,5,22,125
8475753,Justin Faulk,NHL,NHL,D,#38bdf8,https://assets.nhle.com/mugs/nhl/latest/8475753.png,68,12,22,34,-4,34,126
8478474,Lawson Crouse,NHL,NHL,L,#38bdf8,https://assets.nhle.com/mugs/nhl/latest/8478474.png,69,17,17,34,21,27,113
8477015,Connor Brown,NHL,NHL,R,#38bdf8,https://assets.nhle.com/mugs/nhl/latest/8477015.png,62,13,21,34,-4,12,92
8478047,Michael Bunting,NHL,NHL,L,#38bdf8,https://assets.nhle.com/mugs/nhl/latest/8478047.png,68,14,19,33,-21,20,119
8482155,Alex Laferriere,NHL,NHL,R,#38bdf8,https://assets.nhle.com/mugs/nhl/latest/8482155.png,69,17,16,33,-1,16,170
8482110,Dawson Mercer,NHL,NHL,C,#38bdf8,https://assets.nhle.com/mugs/nhl/latest/8482110.png,69,15,18,33,-4,33,130
8471685,Anze Kopitar,NHL,NHL,C,#38bdf8,https://assets.nhle.com/mugs/nhl/latest/8471685.png,54,11,22,33,14,8,78
8475168,Matt Duchene,NHL,NHL,C,#38bdf8,https://assets.nhle.com/mugs/nhl/latest/8475168.png,44,13,20,33,-1,8,69
8476853,Morgan Rielly,NHL,NHL,D,#38bdf8,https://assets.nhle.com/mugs/nhl/latest/8476853.png,67,9,24,33,-17,25,125
8481522,Peyton Krebs,NHL,NHL,C,#38bdf8,https://assets.nhle.com/mugs/nhl/latest/8481522.png,70,9,24,33,7,76,76
8476875,Mike Matheson,NHL,NHL,D,#38bdf8,https://assets.nhle.com/mugs/nhl/latest/8476875.png,66,6,27,33,10,28,100
8477950,Tony DeAngelo,NHL,NHL,D,#38bdf8,https://assets.nhle.com/mugs/nhl/latest/8477950.png,70,5,28,33,-2,41,137
8482679,Matt Coronato,NHL,NHL,R,#38bdf8,https://assets.nhle.com/mugs/nhl/latest/8482679.png,68,16,17,33,-28,20,171
8476882,Teuvo Teravainen,NHL,NHL,C,#38bdf8,https://assets.nhle.com/mugs/nhl/latest/8476882.png,62,13,19,32,-19,6,77
8478498,Jake DeBrusk,NHL,NHL,L,#38bdf8,https://assets.nhle.com/mugs/nhl/latest/8478498.png,68,14,18,32,-25,8,175
8477503,Max Domi,NHL,NHL,C,#38bdf8,https://assets.nhle.com/mugs/nhl/latest/8477503.png,69,10,22,32,-21,65,103
8476885,Jacob Trouba,NHL,NHL,D,#38bdf8,https://assets.nhle.com/mugs/nhl/latest/8476885.png,68,10,22,32,3,31,141
8484145,Zach Benson,NHL,NHL,L,#38bdf8,https://assets.nhle.com/mugs/nhl/latest/8484145.png,53,8,24,32,23,24,88
8480817,K'Andre Miller,NHL,NHL,D,#38bdf8,https://assets.nhle.com/mugs/nhl/latest/8480817.png,61,6,26,32,8,48,101
8482157,Will Cuylle,NHL,NHL,L,#38bdf8,https://assets.nhle.com/mugs/nhl/latest/8482157.png,69,16,16,32,-14,41,128
8475287,Erik Haula,NHL,NHL,L,#38bdf8,https://assets.nhle.com/mugs/nhl/latest/8475287.png,69,11,21,32,-16,50,107
8479351,Sam Steel,NHL,NHL,C,#38bdf8,https://assets.nhle.com/mugs/nhl/latest/8479351.png,69,12,20,32,7,24,79
8475170,Brayden Schenn,NHL,NHL,C,#38bdf8,https://assets.nhle.com/mugs/nhl/latest/8475170.png,68,14,18,32,-25,66,98
8477447,Shea Theodore,NHL,NHL,D,#38bdf8,https://assets.nhle.com/mugs/nhl/latest/8477447.png,58,8,24,32,12,18,111
8478856,Conor Garland,NHL,NHL,R,#38bdf8,https://assets.nhle.com/mugs/nhl/latest/8478856.png,58,12,20,32,-14,30,120
8482684,Luke Hughes,NHL,NHL,D,#38bdf8,https://assets.nhle.com/mugs/nhl/latest/8482684.png,59,6,26,32,-6,28,134
8485414,Ben Kindel,NHL,NHL,C,#38bdf8,https://assets.nhle.com/mugs/nhl/latest/8485414.png,66,17,15,32,-9,18,134
8476432,Boone Jenner,NHL,NHL,C,#38bdf8,https://assets.nhle.com/mugs/nhl/latest/8476432.png,54,10,22,32,2,34,107
8481716,Dmitri Voronkov,NHL,NHL,L,#38bdf8,https://assets.nhle.com/mugs/nhl/latest/8481716.png,62,17,15,32,-1,59,110
8482705,Cole Sillinger,NHL,NHL,C,#38bdf8,https://assets.nhle.com/mugs/nhl/latest/8482705.png,68,7,25,32,6,33,115
8478882,Vladislav Gavrikov,NHL,NHL,D,#38bdf8,https://assets.nhle.com/mugs/nhl/latest/8478882.png,69,14,17,31,-13,46,103
8476419,Jean-Gabriel Pageau,NHL,NHL,C,#38bdf8,https://assets.nhle.com/mugs/nhl/latest/8476419.png,62,15,16,31,4,2,68
8477948,Travis Sanheim,NHL,NHL,D,#38bdf8,https://assets.nhle.com/mugs/nhl/latest/8477948.png,69,8,23,31,7,20,76
8482145,Mavrik Bourque,NHL,NHL,C,#38bdf8,https://assets.nhle.com/mugs/nhl/latest/8482145.png,69,13,18,31,0,16,121
8477444,Andre Burakovsky,NHL,NHL,L,#38bdf8,https://assets.nhle.com/mugs/nhl/latest/8477444.png,63,11,20,31,-21,16,77
8480797,Joel Farabee,NHL,NHL,L,#38bdf8,https://assets.nhle.com/mugs/nhl/latest/8480797.png,69,16,15,31,-10,26,120
8478507,John Marino,NHL,NHL,D,#38bdf8,https://assets.nhle.com/mugs/nhl/latest/8478507.png,70,4,27,31,38,16,50
8480068,Ryan Poehling,NHL,NHL,C,#38bdf8,https://assets.nhle.com/mugs/nhl/latest/8480068.png,62,9,22,31,13,8,72
8478469,Thomas Chabot,NHL,NHL,D,#38bdf8,https://assets.nhle.com/mugs/nhl/latest/8478469.png,54,7,24,31,6,22,95
8483489,Fraser Minten,NHL,NHL,C,#38bdf8,https://assets.nhle.com/mugs/nhl/latest/8483489.png,70,16,15,31,22,14,100
8470621,Corey Perry,NHL,NHL,R,#38bdf8,https://assets.nhle.com/mugs/nhl/latest/8470621.png,58,13,18,31,0,66,94
8481617,Vasily Podkolzin,NHL,NHL,R,#38bdf8,https://assets.nhle.com/mugs/nhl/latest/8481617.png,71,16,15,31,17,63,117
8477451,Ryan Hartman,NHL,NHL,R,#38bdf8,https://assets.nhle.com/mugs/nhl/latest/8477451.png,67,16,15,31,-4,42,144
8478020,Michael Amadio,NHL,NHL,R,#38bdf8,https://assets.nhle.com/mugs/nhl/latest/8478020.png,69,12,18,30,9,18,86
8476462,Dougie Hamilton,NHL,NHL,D,#38bdf8,https://assets.nhle.com/mugs/nhl/latest/8476462.png,64,9,21,30,-7,42,175
8473994,Jamie Benn,NHL,NHL,L,#38bdf8,https://assets.nhle.com/mugs/nhl/latest/8473994.png,47,14,16,30,11,29,63
8483431,Logan Cooley,NHL,NHL,C,#38bdf8,https://assets.nhle.com/mugs/nhl/latest/8483431.png,42,17,13,30,6,24,81
8481024,Linus Karlsson,NHL,NHL,C,#38bdf8,https://assets.nhle.com/mugs/nhl/latest/8481024.png,66,13,17,30,-21,28,97
8481721,Arseny Gritsyuk,NHL,NHL,R,#38bdf8,https://assets.nhle.com/mugs/nhl/latest/8481721.png,65,13,17,30,-5,26,148
8481581,Thomas Harley,NHL,NHL,D,#38bdf8,https://assets.nhle.com/mugs/nhl/latest/8481581.png,57,6,24,30,0,20,96
8479638,Justin Brazeau,NHL,NHL,R,#38bdf8,https://assets.nhle.com/mugs/nhl/latest/8479638.png,51,16,14,30,4,12,90
8482177,Marat Khusnutdinov,NHL,NHL,C,#38bdf8,https://assets.nhle.com/mugs/nhl/latest/8482177.png,65,14,16,30,14,14,72
8478542,Evan Rodrigues,NHL,NHL,C,#38bdf8,https://assets.nhle.com/mugs/nhl/latest/8478542.png,67,11,19,30,-15,38,158
8482475,Egor Chinakhov,NHL,NHL,R,#38bdf8,https://assets.nhle.com/mugs/nhl/latest/8482475.png,60,15,15,30,1,10,113
8473533,Jordan Staal,NHL,NHL,C,#38bdf8,https://assets.nhle.com/mugs/nhl/latest/8473533.png,66,17,13,30,4,27,92
8481554,Kaapo Kakko,NHL,NHL,R,#38bdf8,https://assets.nhle.com/mugs/nhl/latest/8481554.png,52,11,19,30,11,14,71
8476923,Damon Severson,NHL,NHL,D,#38bdf8,https://assets.nhle.com/mugs/nhl/latest/8476923.png,68,7,22,29,16,45,88
8476461,Sean Couturier,NHL,NHL,C,#38bdf8,https://assets.nhle.com/mugs/nhl/latest/8476461.png,66,7,22,29,-7,26,101
8481553,Bobby Brink,NHL,NHL,R,#38bdf8,https://assets.nhle.com/mugs/nhl/latest/8481553.png,60,15,14,29,-1,24,94
8477416,Oliver Bjorkstrand,NHL,NHL,R,#38bdf8,https://assets.nhle.com/mugs/nhl/latest/8477416.png,68,11,18,29,-12,10,118
8470613,Brent Burns,NHL,NHL,D,#38bdf8,https://assets.nhle.com/mugs/nhl/latest/8470613.png,68,10,19,29,27,24,142
8475200,Dmitry Orlov,NHL,NHL,D,#38bdf8,https://assets.nhle.com/mugs/nhl/latest/8475200.png,68,3,26,29,-21,38,70
8481582,Nicholas Robertson,NHL,NHL,L,#38bdf8,https://assets.nhle.com/mugs/nhl/latest/8481582.png,67,13,16,29,-8,8,109
8476455,Gabriel Landeskog,NHL,NHL,L,#38bdf8,https://assets.nhle.com/mugs/nhl/latest/8476455.png,47,9,20,29,26,35,104
8480748,Kiefer Sherwood,NHL,NHL,L,#38bdf8,https://assets.nhle.com/mugs/nhl/latest/8480748.png,58,21,8,29,-17,44,144
8484258,Sam Malinski,NHL,NHL,D,#38bdf8,https://assets.nhle.com/mugs/nhl/latest/8484258.png,68,3,26,29,35,18,130
8475169,Evander Kane,NHL,NHL,L,#38bdf8,https://assets.nhle.com/mugs/nhl/latest/8475169.png,66,12,17,29,-17,90,155
8482088,Justin Sourdif,NHL,NHL,C,#38bdf8,https://assets.nhle.com/mugs/nhl/latest/8482088.png,66,13,16,29,15,29,95
8478458,Jack Roslovic,NHL,NHL,C,#38bdf8,https://assets.nhle.com/mugs/nhl/latest/8478458.png,58,17,12,29,-10,16,119
8482079,Marco Rossi,NHL,NHL,C,#38bdf8,https://assets.nhle.com/mugs/nhl/latest/8482079.png,37,9,19,28,-13,8,51
8476312,Josh Manson,NHL,NHL,D,#38bdf8,https://assets.nhle.com/mugs/nhl/latest/8476312.png,68,5,23,28,39,76,102
8482476,Emil Heineman,NHL,NHL,L,#38bdf8,https://assets.nhle.com/mugs/nhl/latest/8482476.png,70,20,8,28,-8,14,158
8474037,James van Riemsdyk,NHL,NHL,L,#38bdf8,https://assets.nhle.com/mugs/nhl/latest/8474037.png,61,15,13,28,-15,14,94
8483512,Matt Savoie,NHL,NHL,C,#38bdf8,https://assets.nhle.com/mugs/nhl/latest/8483512.png,71,11,17,28,-1,20,104
8478854,Ryan Shea,NHL,NHL,D,#38bdf8,https://assets.nhle.com/mugs/nhl/latest/8478854.png,69,4,24,28,24,22,64
8483485,Denton Mateychuk,NHL,NHL,D,#38bdf8,https://assets.nhle.com/mugs/nhl/latest/8483485.png,62,11,17,28,13,4,73
8476399,Blake Coleman,NHL,NHL,L,#38bdf8,https://assets.nhle.com/mugs/nhl/latest/8476399.png,57,16,12,28,10,41,141
8475798,Mikael Granlund,NHL,NHL,C,#38bdf8,https://assets.nhle.com/mugs/nhl/latest/8475798.png,45,13,15,28,-11,18,88
8482092,Ridly Greig,NHL,NHL,C,#38bdf8,https://assets.nhle.com/mugs/nhl/latest/8482092.png,64,11,17,28,7,77,108
8477986,Brandon Montour,NHL,NHL,D,#38bdf8,https://assets.nhle.com/mugs/nhl/latest/8477986.png,51,8,20,28,-10,37,127
8482142,Jamie Drysdale,NHL,NHL,D,#38bdf8,https://assets.nhle.com/mugs/nhl/latest/8482142.png,66,7,20,27,-6,31,86
8480980,Connor Dewar,NHL,NHL,C,#38bdf8,https://assets.nhle.com/mugs/nhl/latest/8480980.png,69,14,13,27,10,12,103
8478500,Ivan Provorov,NHL,NHL,D,#38bdf8,https://assets.nhle.com/mugs/nhl/latest/8478500.png,69,8,19,27,19,26,130
8481624,Ilya Mikheyev,NHL,NHL,R,#38bdf8,https://assets.nhle.com/mugs/nhl/latest/8481624.png,64,13,14,27,-3,18,103
8471724,Kris Letang,NHL,NHL,D,#38bdf8,https://assets.nhle.com/mugs/nhl/latest/8471724.png,63,3,24,27,-7,34,100
8480188,Fabian Zetterlund,NHL,NHL,L,#38bdf8,https://assets.nhle.com/mugs/nhl/latest/8480188.png,69,13,14,27,-2,16,113
8477987,Ryan Donato,NHL,NHL,C,#38bdf8,https://assets.nhle.com/mugs/nhl/latest/8477987.png,69,14,13,27,-7,40,100
8482100,Alexander Nikishin,NHL,NHL,D,#38bdf8,https://assets.nhle.com/mugs/nhl/latest/8482100.png,68,10,17,27,12,29,110
8477407,Anthony Duclair,NHL,NHL,L,#38bdf8,https://assets.nhle.com/mugs/nhl/latest/8477407.png,60,12,15,27,0,12,72
8478109,Victor Olofsson,NHL,NHL,L,#38bdf8,https://assets.nhle.com/mugs/nhl/latest/8478109.png,67,12,15,27,4,6,127
8476902,Esa Lindell,NHL,NHL,D,#38bdf8,https://assets.nhle.com/mugs/nhl/latest/8476902.png,69,5,22,27,28,18,69
8482089,Jake Neighbours,NHL,NHL,L,#38bdf8,https://assets.nhle.com/mugs/nhl/latest/8482089.png,56,14,12,26,-11,39,70
8482149,Cole Perfetti,NHL,NHL,C,#38bdf8,https://assets.nhle.com/mugs/nhl/latest/8482149.png,55,9,17,26,-6,14,117
8484471,Emmitt Finnie,NHL,NHL,C,#38bdf8,https://assets.nhle.com/mugs/nhl/latest/8484471.png,70,12,14,26,-7,6,108
8480448,Parker Kelly,NHL,NHL,C,#38bdf8,https://assets.nhle.com/mugs/nhl/latest/8480448.png,68,15,11,26,10,22,83
8482655,J.J. Moser,NHL,NHL,D,#38bdf8,https://assets.nhle.com/mugs/nhl/latest/8482655.png,66,7,19,26,45,60,97
8482055,Drew O'Connor,NHL,NHL,L,#38bdf8,https://assets.nhle.com/mugs/nhl/latest/8482055.png,69,16,10,26,0,36,110
8473986,Alex Killorn,NHL,NHL,L,#38bdf8,https://assets.nhle.com/mugs/nhl/latest/8473986.png,69,11,15,26,-2,36,129
8479619,Michael Carcone,NHL,NHL,L,#38bdf8,https://assets.nhle.com/mugs/nhl/latest/8479619.png,67,14,12,26,4,20,128
8482737,Zachary Bolduc,NHL,NHL,R,#38bdf8,https://assets.nhle.com/mugs/nhl/latest/8482737.png,67,10,16,26,-7,24,94
8478450,Parker Wotherspoon,NHL,NHL,D,#38bdf8,https://assets.nhle.com/mugs/nhl/latest/8478450.png,69,3,23,26,13,44,61
8482201,Gage Goncalves,NHL,NHL,C,#38bdf8,https://assets.nhle.com/mugs/nhl/latest/8482201.png,60,11,15,26,22,37,61
8483890,Braeden Bowman,NHL,NHL,R,#38bdf8,https://assets.nhle.com/mugs/nhl/latest/8483890.png,54,8,18,26,-16,12,75
8483500,Noah Ostlund,NHL,NHL,C,#38bdf8,https://assets.nhle.com/mugs/nhl/latest/8483500.png,58,11,15,26,9,14,59
8480185,Eetu Luostarinen,NHL,NHL,C,#38bdf8,https://assets.nhle.com/mugs/nhl/latest/8480185.png,60,8,17,25,-1,26,88
8475764,Cam Fowler,NHL,NHL,D,#38bdf8,https://assets.nhle.com/mugs/nhl/latest/8475764.png,69,2,23,25,-13,14,82
8483525,Danila Yurov,NHL,NHL,R,#38bdf8,https://assets.nhle.com/mugs/nhl/latest/8483525.png,64,10,15,25,-2,24,71
8483808,Andrei Kuzmenko,NHL,NHL,L,#38bdf8,https://assets.nhle.com/mugs/nhl/latest/8483808.png,52,13,12,25,-4,16,69
8474102,David Perron,NHL,NHL,L,#38bdf8,https://assets.nhle.com/mugs/nhl/latest/8474102.png,53,10,15,25,1,26,75
8476826,Yanni Gourde,NHL,NHL,C,#38bdf8,https://assets.nhle.com/mugs/nhl/latest/8476826.png,68,9,16,25,0,60,95
8480849,Barrett Hayton,NHL,NHL,C,#38bdf8,https://assets.nhle.com/mugs/nhl/latest/8480849.png,65,10,15,25,3,54,119
8480873,Rasmus Sandin,NHL,NHL,D,#38bdf8,https://assets.nhle.com/mugs/nhl/latest/8480873.png,63,4,21,25,10,10,79
8483450,Ryan Greene,NHL,NHL,C,#38bdf8,https://assets.nhle.com/mugs/nhl/latest/8483450.png,68,9,16,25,-9,14,93
8480113,Alex Iafallo,NHL,NHL,L,#38bdf8,https://assets.nhle.com/mugs/nhl/latest/8480113.png,69,11,14,25,3,12,94
8483524,Shane Wright,NHL,NHL,C,#38bdf8,https://assets.nhle.com/mugs/nhl/latest/8483524.png,69,11,14,25,7,10,95
8482511,Mason Lohrei,NHL,NHL,D,#38bdf8,https://assets.nhle.com/mugs/nhl/latest/8482511.png,65,7,18,25,11,18,65
8484241,Matthew Wood,NHL,NHL,R,#38bdf8,https://assets.nhle.com/mugs/nhl/latest/8484241.png,58,15,10,25,-1,6,87
8480064,Josh Norris,NHL,NHL,C,#38bdf8,https://assets.nhle.com/mugs/nhl/latest/8480064.png,32,10,15,25,4,6,47
8481546,Cam York,NHL,NHL,D,#38bdf8,https://assets.nhle.com/mugs/nhl/latest/8481546.png,62,4,21,25,-1,28,78
8477506,Ryan Pulock,NHL,NHL,D,#38bdf8,https://assets.nhle.com/mugs/nhl/latest/8477506.png,67,3,22,25,14,12,80
8479671,Mathieu Olivier,NHL,NHL,R,#38bdf8,https://assets.nhle.com/mugs/nhl/latest/8479671.png,56,14,11,25,15,94,82
8484783,Artyom Levshunov,NHL,NHL,D,#38bdf8,https://assets.nhle.com/mugs/nhl/latest/8484783.png,64,2,22,24,-35,42,76
8481598,Philip Broberg,NHL,NHL,D,#38bdf8,https://assets.nhle.com/mugs/nhl/latest/8481598.png,68,4,20,24,2,10,84
8480855,Jack McBain,NHL,NHL,C,#38bdf8,https://assets.nhle.com/mugs/nhl/latest/8480855.png,70,8,16,24,12,72,101
8483573,Ethen Frank,NHL,NHL,R,#38bdf8,https://assets.nhle.com/mugs/nhl/latest/8483573.png,59,12,12,24,9,18,89
8478421,A.J. Greer,NHL,NHL,L,#38bdf8,https://assets.nhle.com/mugs/nhl/latest/8478421.png,68,13,11,24,5,109,87
8476539,Jonathan Marchessault,NHL,NHL,R,#38bdf8,https://assets.nhle.com/mugs/nhl/latest/8476539.png,50,11,13,24,-18,28,113
8477495,Seth Jones,NHL,NHL,D,#38bdf8,https://assets.nhle.com/mugs/nhl/latest/8477495.png,43,6,18,24,-3,16,79
8475906,John Klingberg,NHL,NHL,D,#38bdf8,https://assets.nhle.com/mugs/nhl/latest/8475906.png,53,10,14,24,-15,24,78
8473604,Jonathan Toews,NHL,NHL,C,#38bdf8,https://assets.nhle.com/mugs/nhl/latest/8473604.png,69,9,15,24,-18,32,95
8482245,Artem Zub,NHL,NHL,D,#38bdf8,https://assets.nhle.com/mugs/nhl/latest/8482245.png,68,4,20,24,14,42,77
8482671,Owen Power,NHL,NHL,D,#38bdf8,https://assets.nhle.com/mugs/nhl/latest/8482671.png,69,7,17,24,6,14,104
8477456,J.T. Compher,NHL,NHL,L,#38bdf8,https://assets.nhle.com/mugs/nhl/latest/8477456.png,70,10,14,24,-4,25,83
8482074,Connor Zary,NHL,NHL,C,#38bdf8,https://assets.nhle.com/mugs/nhl/latest/8482074.png,67,11,13,24,-11,18,99
8484829,Justin Hryckowian,NHL,NHL,C,#38bdf8,https://assets.nhle.com/mugs/nhl/latest/8484829.png,68,10,13,23,0,43,70
8480434,Sean Durzi,NHL,NHL,D,#38bdf8,https://assets.nhle.com/mugs/nhl/latest/8480434.png,49,5,18,23,-12,44,67
8479525,Ross Colton,NHL,NHL,C,#38bdf8,https://assets.nhle.com/mugs/nhl/latest/8479525.png,60,8,15,23,13,13,137
8481606,Jordan Spence,NHL,NHL,D,#38bdf8,https://assets.nhle.com/mugs/nhl/latest/8481606.png,60,4,19,23,17,10,84
8480459,Pius Suter,NHL,NHL,C,#38bdf8,https://assets.nhle.com/mugs/nhl/latest/8480459.png,52,11,12,23,6,18,83
8478055,Gustav Forsling,NHL,NHL,D,#38bdf8,https://assets.nhle.com/mugs/nhl/latest/8478055.png,68,2,21,23,-5,45,89
8480289,Morgan Barron,NHL,NHL,C,#38bdf8,https://assets.nhle.com/mugs/nhl/latest/8480289.png,60,11,12,23,6,26,88
8483495,Simon Nemec,NHL,NHL,D,#38bdf8,https://assets.nhle.com/mugs/nhl/latest/8483495.png,55,10,13,23,-2,24,85
8480336,Sean Walker,NHL,NHL,D,#38bdf8,https://assets.nhle.com/mugs/nhl/latest/8480336.png,69,7,16,23,-2,55,151
8478463,Anthony Beauvillier,NHL,NHL,R,#38bdf8,https://assets.nhle.com/mugs/nhl/latest/8478463.png,70,12,11,23,7,26,140
8478396,Noah Hanifin,NHL,NHL,D,#38bdf8,https://assets.nhle.com/mugs/nhl/latest/8478396.png,59,3,20,23,-5,8,113
8479378,Logan Stanley,NHL,NHL,D,#38bdf8,https://assets.nhle.com/mugs/nhl/latest/8479378.png,65,9,14,23,1,108,81
8476921,Jordan Martinook,NHL,NHL,L,#38bdf8,https://assets.nhle.com/mugs/nhl/latest/8476921.png,66,10,13,23,5,29,97
8482713,Mackie Samoskevich,NHL,NHL,R,#38bdf8,https://assets.nhle.com/mugs/nhl/latest/8482713.png,66,6,17,23,-6,26,139
8479314,Matthew Tkachuk,NHL,NHL,L,#38bdf8,https://assets.nhle.com/mugs/nhl/latest/8479314.png,22,9,14,23,-6,37,66
8478874,Adam Gaudette,NHL,NHL,R,#38bdf8,https://assets.nhle.com/mugs/nhl/latest/8478874.png,55,14,8,22,-11,16,82
8476981,Josh Anderson,NHL,NHL,R,#38bdf8,https://assets.nhle.com/mugs/nhl/latest/8476981.png,61,13,9,22,-7,62,78
8476854,Hampus Lindholm,NHL,NHL,D,#38bdf8,https://assets.nhle.com/mugs/nhl/latest/8476854.png,56,4,18,22,-3,56,87
8484158,Easton Cowan,NHL,NHL,R,#38bdf8,https://assets.nhle.com/mugs/nhl/latest/8484158.png,55,9,13,22,1,35,81
8477346,MacKenzie Weegar,NHL,NHL,D,#38bdf8,https://assets.nhle.com/mugs/nhl/latest/8477346.png,68,3,19,22,-32,76,136
8477494,Jonathan Drouin,NHL,NHL,L,#38bdf8,https://assets.nhle.com/mugs/nhl/latest/8477494.png,59,4,18,22,-3,19,76
8484798,Zeev Buium,NHL,NHL,D,#38bdf8,https://assets.nhle.com/mugs/nhl/latest/8484798.png,63,5,17,22,-21,18,62
8479996,Cody Glass,NHL,NHL,C,#38bdf8,https://assets.nhle.com/mugs/nhl/latest/8479996.png,57,15,7,22,3,25,91
8478462,Nicolas Roy,NHL,NHL,C,#38bdf8,https://assets.nhle.com/mugs/nhl/latest/8478462.png,67,7,15,22,-3,21,71
8475848,Brendan Gallagher,NHL,NHL,R,#38bdf8,https://assets.nhle.com/mugs/nhl/latest/8475848.png,68,6,16,22,1,37,111
8483690,Noah Laba,NHL,NHL,C,#38bdf8,https://assets.nhle.com/mugs/nhl/latest/8483690.png,65,9,12,21,-1,22,61
8479661,Tanner Jeannot,NHL,NHL,L,#38bdf8,https://assets.nhle.com/mugs/nhl/latest/8479661.png,66,6,15,21,-5,59,70
8480426,Charle-Edouard D'Astous,NHL,NHL,D,#38bdf8,https://assets.nhle.com/mugs/nhl/latest/8480426.png,56,4,17,21,-7,80,60
8477919,Freddy Gaudreau,NHL,NHL,C,#38bdf8,https://assets.nhle.com/mugs/nhl/latest/8477919.png,55,5,16,21,4,11,54
8480796,Martin Fehervary,NHL,NHL,D,#38bdf8,https://assets.nhle.com/mugs/nhl/latest/8480796.png,69,4,17,21,15,25,65
8480835,Jack Drury,NHL,NHL,C,#38bdf8,https://assets.nhle.com/mugs/nhl/latest/8480835.png,68,8,13,21,12,29,78
8476869,Brady Skjei,NHL,NHL,D,#38bdf8,https://assets.nhle.com/mugs/nhl/latest/8476869.png,69,1,20,21,-9,26,96
8475768,Jaden Schwartz,NHL,NHL,L,#38bdf8,https://assets.nhle.com/mugs/nhl/latest/8475768.png,42,10,11,21,7,8,74
8477498,Darnell Nurse,NHL,NHL,D,#38bdf8,https://assets.nhle.com/mugs/nhl/latest/8477498.png,71,7,14,21,-17,102,141
8484221,Calum Ritchie,NHL,NHL,C,#38bdf8,https://assets.nhle.com/mugs/nhl/latest/8484221.png,53,9,12,21,-12,20,63
8482660,Kent Johnson,NHL,NHL,C,#38bdf8,https://assets.nhle.com/mugs/nhl/latest/8482660.png,66,7,14,21,-5,16,105
8483565,Nick Blankenburg,NHL,NHL,D,#38bdf8,https://assets.nhle.com/mugs/nhl/latest/8483565.png,52,6,15,21,-13,10,59
8478851,Alexandre Carrier,NHL,NHL,D,#38bdf8,https://assets.nhle.com/mugs/nhl/latest/8478851.png,69,7,14,21,-1,34,56
8476931,Jake McCabe,NHL,NHL,D,#38bdf8,https://assets.nhle.com/mugs/nhl/latest/8476931.png,69,3,18,21,11,44,65
8482762,Simon Edvinsson,NHL,NHL,D,#38bdf8,https://assets.nhle.com/mugs/nhl/latest/8482762.png,60,9,12,21,10,71,72
8479675,Trevor Moore,NHL,NHL,L,#38bdf8,https://assets.nhle.com/mugs/nhl/latest/8479675.png,56,9,12,21,-9,8,118
8476469,Joel Armia,NHL,NHL,R,#38bdf8,https://assets.nhle.com/mugs/nhl/latest/8476469.png,54,10,10,20,2,24,67
8480995,Pontus Holmberg,NHL,NHL,R,#38bdf8,https://assets.nhle.com/mugs/nhl/latest/8480995.png,61,9,11,20,3,23,75
8478508,Yakov Trenin,NHL,NHL,C,#38bdf8,https://assets.nhle.com/mugs/nhl/latest/8478508.png,71,6,14,20,12,33,81
8484210,Gabe Perreault,NHL,NHL,R,#38bdf8,https://assets.nhle.com/mugs/nhl/latest/8484210.png,36,7,13,20,-2,8,51
8480074,Alexandre Texier,NHL,NHL,L,#38bdf8,https://assets.nhle.com/mugs/nhl/latest/8480074.png,45,8,12,20,7,10,69
8483490,Pavel Mintyukov,NHL,NHL,D,#38bdf8,https://assets.nhle.com/mugs/nhl/latest/8483490.png,64,8,12,20,-2,10,68
8475191,Reilly Smith,NHL,NHL,R,#38bdf8,https://assets.nhle.com/mugs/nhl/latest/8475191.png,60,11,9,20,-10,4,74
8480798,Philipp Kurashev,NHL,NHL,C,#38bdf8,https://assets.nhle.com/mugs/nhl/latest/8480798.png,42,7,13,20,0,16,61
8476393,Nick Cousins,NHL,NHL,C,#38bdf8,https://assets.nhle.com/mugs/nhl/latest/8476393.png,68,8,12,20,7,74,63
8478133,Jake Evans,NHL,NHL,C,#38bdf8,https://assets.nhle.com/mugs/nhl/latest/8478133.png,55,10,10,20,-6,8,65
8481618,Alex Newhook,NHL,NHL,C,#38bdf8,https://assets.nhle.com/mugs/nhl/latest/8481618.png,29,10,10,20,8,8,39
8477220,Nate Schmidt,NHL,NHL,D,#38bdf8,https://assets.nhle.com/mugs/nhl/latest/8477220.png,70,5,15,20,32,20,75
8474716,Jared Spurgeon,NHL,NHL,D,#38bdf8,https://assets.nhle.com/mugs/nhl/latest/8474716.png,71,6,13,19,2,14,83
8477507,Nikita Zadorov,NHL,NHL,D,#38bdf8,https://assets.nhle.com/mugs/nhl/latest/8477507.png,69,2,17,19,19,134,89
8478569,Noel Acciari,NHL,NHL,C,#38bdf8,https://assets.nhle.com/mugs/nhl/latest/8478569.png,55,9,10,19,8,21,76
8484223,Axel Sandin-Pellikka,NHL,NHL,D,#38bdf8,https://assets.nhle.com/mugs/nhl/latest/8484223.png,63,6,13,19,-21,16,62
8484197,Oliver Moore,NHL,NHL,C,#38bdf8,https://assets.nhle.com/mugs/nhl/latest/8484197.png,51,5,14,19,-15,19,57
8479983,Mario Ferraro,NHL,NHL,D,#38bdf8,https://assets.nhle.com/mugs/nhl/latest/8479983.png,68,6,13,19,0,33,80
8475799,Nino Niederreiter,NHL,NHL,R,#38bdf8,https://assets.nhle.com/mugs/nhl/latest/8475799.png,55,8,11,19,-4,14,76
8481481,Blake Lizotte,NHL,NHL,C,#38bdf8,https://assets.nhle.com/mugs/nhl/latest/8481481.png,55,7,12,19,6,25,49
8482803,Olen Zellweger,NHL,NHL,D,#38bdf8,https://assets.nhle.com/mugs/nhl/latest/8482803.png,68,7,12,19,4,32,113
8476457,Adam Larsson,NHL,NHL,D,#38bdf8,https://assets.nhle.com/mugs/nhl/latest/8476457.png,69,5,14,19,-3,34,75
8474013,Ian Cole,NHL,NHL,D,#38bdf8,https://assets.nhle.com/mugs/nhl/latest/8474013.png,70,3,16,19,17,44,49
8480355,Mark Kastelic,NHL,NHL,C,#38bdf8,https://assets.nhle.com/mugs/nhl/latest/8480355.png,70,9,9,18,1,128,86
8476392,Adam Lowry,NHL,NHL,C,#38bdf8,https://assets.nhle.com/mugs/nhl/latest/8476392.png,57,4,14,18,-2,21,60
8479977,Kailer Yamamoto,NHL,NHL,R,#38bdf8,https://assets.nhle.com/mugs/nhl/latest/8479977.png,48,10,8,18,10,12,42
8475151,Kyle Palmieri,NHL,NHL,C,#38bdf8,https://assets.nhle.com/mugs/nhl/latest/8475151.png,25,6,12,18,-2,8,71
8484240,Tom Willander,NHL,NHL,D,#38bdf8,https://assets.nhle.com/mugs/nhl/latest/8484240.png,57,4,14,18,-14,18,47
8474563,Drew Doughty,NHL,NHL,D,#38bdf8,https://assets.nhle.com/mugs/nhl/latest/8474563.png,59,5,13,18,-3,36,80
8476441,Joel Edmundson,NHL,NHL,D,#38bdf8,https://assets.nhle.com/mugs/nhl/latest/8476441.png,69,2,16,18,5,21,80
8478013,Jake Walman,NHL,NHL,D,#38bdf8,https://assets.nhle.com/mugs/nhl/latest/8478013.png,42,8,10,18,-13,10,79
8476331,Dylan DeMelo,NHL,NHL,D,#38bdf8,https://assets.nhle.com/mugs/nhl/latest/8476331.png,69,3,15,18,6,36,65
8479591,Michael Eyssimont,NHL,NHL,C,#38bdf8,https://assets.nhle.com/mugs/nhl/latest/8479591.png,52,8,10,18,-4,31,100
8479390,Taylor Raddysh,NHL,NHL,R,#38bdf8,https://assets.nhle.com/mugs/nhl/latest/8479390.png,63,9,9,18,3,8,48
8482751,Ryan Winterton,NHL,NHL,C,#38bdf8,https://assets.nhle.com/mugs/nhl/latest/8482751.png,62,4,14,18,1,15,74
8481013,Jonatan Berggren,NHL,NHL,R,#38bdf8,https://assets.nhle.com/mugs/nhl/latest/8481013.png,40,7,11,18,-2,8,46
8475343,Nic Dowd,NHL,NHL,C,#38bdf8,https://assets.nhle.com/mugs/nhl/latest/8475343.png,63,4,13,17,-6,65,54
8476374,Sean Kuraly,NHL,NHL,C,#38bdf8,https://assets.nhle.com/mugs/nhl/latest/8476374.png,70,5,12,17,-5,41,92
8478038,Devon Toews,NHL,NHL,D,#38bdf8,https://assets.nhle.com/mugs/nhl/latest/8478038.png,55,2,15,17,25,28,96
8480762,Eric Robinson,NHL,NHL,L,#38bdf8,https://assets.nhle.com/mugs/nhl/latest/8480762.png,55,12,5,17,8,4,75
8475167,Victor Hedman,NHL,NHL,D,#38bdf8,https://assets.nhle.com/mugs/nhl/latest/8475167.png,33,1,16,17,-1,10,50
8481806,Louis Crevier,NHL,NHL,D,#38bdf8,https://assets.nhle.com/mugs/nhl/latest/8481806.png,65,5,12,17,-1,55,96
8475324,Nick Jensen,NHL,NHL,D,#38bdf8,https://assets.nhle.com/mugs/nhl/latest/8475324.png,61,4,13,17,-2,22,36
8481568,Alex Vlasic,NHL,NHL,D,#38bdf8,https://assets.nhle.com/mugs/nhl/latest/8481568.png,68,2,15,17,-14,13,70
8476889,Radek Faksa,NHL,NHL,C,#38bdf8,https://assets.nhle.com/mugs/nhl/latest/8476889.png,56,2,15,17,1,16,33
8475794,Tyler Seguin,NHL,NHL,C,#38bdf8,https://assets.nhle.com/mugs/nhl/latest/8475794.png,27,7,10,17,10,2,31
8476463,Jonas Brodin,NHL,NHL,D,#38bdf8,https://assets.nhle.com/mugs/nhl/latest/8476463.png,52,3,13,16,16,12,58
8475842,Sam Carrick,NHL,NHL,C,#38bdf8,https://assets.nhle.com/mugs/nhl/latest/8475842.png,68,9,7,16,2,60,69
8478434,Keegan Kolesar,NHL,NHL,R,#38bdf8,https://assets.nhle.com/mugs/nhl/latest/8478434.png,70,6,10,16,-15,51,60
8475231,Casey Cizikas,NHL,NHL,C,#38bdf8,https://assets.nhle.com/mugs/nhl/latest/8475231.png,69,8,8,16,-4,16,60
8475208,Brian Dumoulin,NHL,NHL,D,#38bdf8,https://assets.nhle.com/mugs/nhl/latest/8475208.png,69,2,14,16,5,16,59
8483464,Marco Kasper,NHL,NHL,C,#38bdf8,https://assets.nhle.com/mugs/nhl/latest/8483464.png,69,7,9,16,-13,31,113
8480860,Kevin Bahl,NHL,NHL,D,#38bdf8,https://assets.nhle.com/mugs/nhl/latest/8480860.png,68,4,12,16,2,39,57
8484164,Dalibor Dvorsky,NHL,NHL,R,#38bdf8,https://assets.nhle.com/mugs/nhl/latest/8484164.png,58,10,6,16,-4,20,73
8485402,Michael Misa,NHL,NHL,C,#38bdf8,https://assets.nhle.com/mugs/nhl/latest/8485402.png,31,7,9,16,0,4,41
8478831,Kevin Stenlund,NHL,NHL,C,#38bdf8,https://assets.nhle.com/mugs/nhl/latest/8478831.png,68,4,12,16,-7,24,57
8476872,Scott Laughton,NHL,NHL,C,#38bdf8,https://assets.nhle.com/mugs/nhl/latest/8476872.png,51,10,6,16,-3,23,65
8478911,Matt Roy,NHL,NHL,D,#38bdf8,https://assets.nhle.com/mugs/nhl/latest/8478911.png,67,2,14,16,13,12,86
8478233,Andrew Mangiapane,NHL,NHL,L,#38bdf8,https://assets.nhle.com/mugs/nhl/latest/8478233.png,59,8,8,16,-22,42,57
8476873,Mark Jankowski,NHL,NHL,L,#38bdf8,https://assets.nhle.com/mugs/nhl/latest/8476873.png,56,7,9,16,4,16,51
8482634,Alex Steeves,NHL,NHL,C,#38bdf8,https://assets.nhle.com/mugs/nhl/latest/8482634.png,41,9,7,16,5,32,52
8479353,Brett Howden,NHL,NHL,C,#38bdf8,https://assets.nhle.com/mugs/nhl/latest/8479353.png,46,9,7,16,-4,28,52
8482095,Tyler Kleven,NHL,NHL,D,#38bdf8,https://assets.nhle.com/mugs/nhl/latest/8482095.png,64,3,13,16,0,51,78
8476479,Phillip Danault,NHL,NHL,C,#38bdf8,https://assets.nhle.com/mugs/nhl/latest/8476479.png,63,5,11,16,-2,24,77
8485702,Max Shabanov,NHL,NHL,R,#38bdf8,https://assets.nhle.com/mugs/nhl/latest/8485702.png,42,4,12,16,-5,2,54
8477018,Ben Hutton,NHL,NHL,D,#38bdf8,https://assets.nhle.com/mugs/nhl/latest/8477018.png,52,6,9,15,4,19,69
8481789,Tye Kartye,NHL,NHL,L,#38bdf8,https://assets.nhle.com/mugs/nhl/latest/8481789.png,51,5,10,15,-6,25,40
8484136,Max Sasson,NHL,NHL,C,#38bdf8,https://assets.nhle.com/mugs/nhl/latest/8484136.png,58,11,4,15,-10,22,56
8479998,Mikey Anderson,NHL,NHL,D,#38bdf8,https://assets.nhle.com/mugs/nhl/latest/8479998.png,67,4,11,15,0,14,50
8476878,Zemgus Girgensons,NHL,NHL,C,#38bdf8,https://assets.nhle.com/mugs/nhl/latest/8476878.png,61,8,7,15,-2,29,79
8482073,Braden Schneider,NHL,NHL,D,#38bdf8,https://assets.nhle.com/mugs/nhl/latest/8482073.png,69,2,13,15,-8,20,86
8477953,Kasperi Kapanen,NHL,NHL,R,#38bdf8,https://assets.nhle.com/mugs/nhl/latest/8477953.png,30,7,8,15,6,8,52
8476897,Oskar Sundqvist,NHL,NHL,C,#38bdf8,https://assets.nhle.com/mugs/nhl/latest/8476897.png,49,4,11,15,-17,22,36
8477446,Michael McCarron,NHL,NHL,C,#38bdf8,https://assets.nhle.com/mugs/nhl/latest/8477446.png,68,6,9,15,-15,79,94
8483609,Adam Klapka,NHL,NHL,R,#38bdf8,https://assets.nhle.com/mugs/nhl/latest/8483609.png,67,5,10,15,-8,99,67
8484304,Uvis Balinskis,NHL,NHL,D,#38bdf8,https://assets.nhle.com/mugs/nhl/latest/8484304.png,54,5,10,15,-13,30,66
8483570,Ben Meyers,NHL,NHL,C,#38bdf8,https://assets.nhle.com/mugs/nhl/latest/8483570.png,44,7,8,15,-7,14,55
8478970,Jalen Chatfield,NHL,NHL,D,#38bdf8,https://assets.nhle.com/mugs/nhl/latest/8478970.png,62,1,14,15,15,18,86
8478904,Steven Lorentz,NHL,NHL,C,#38bdf8,https://assets.nhle.com/mugs/nhl/latest/8478904.png,61,5,10,15,2,12,56
8477450,Jason Dickinson,NHL,NHL,C,#38bdf8,https://assets.nhle.com/mugs/nhl/latest/8477450.png,56,7,8,15,-9,16,64
8483752,Dominic James,NHL,NHL,C,#38bdf8,https://assets.nhle.com/mugs/nhl/latest/8483752.png,43,7,8,15,4,8,56
8476292,Ondrej Palat,NHL,NHL,L,#38bdf8,https://assets.nhle.com/mugs/nhl/latest/8476292.png,69,5,9,14,-8,14,77
8477527,Ross Johnston,NHL,NHL,L,#38bdf8,https://assets.nhle.com/mugs/nhl/latest/8477527.png,62,3,11,14,0,107,33
8475455,Brenden Dillon,NHL,NHL,D,#38bdf8,https://assets.nhle.com/mugs/nhl/latest/8475455.png,69,3,11,14,-8,62,47
8481523,Kirby Dach,NHL,NHL,C,#38bdf8,https://assets.nhle.com/mugs/nhl/latest/8481523.png,32,8,6,14,0,27,45
8479992,Michael Rasmussen,NHL,NHL,C,#38bdf8,https://assets.nhle.com/mugs/nhl/latest/8479992.png,61,6,8,14,-9,8,64
8481032,Paul Cotter,NHL,NHL,L,#38bdf8,https://assets.nhle.com/mugs/nhl/latest/8481032.png,66,8,6,14,-17,17,55
8478136,Jake Middleton,NHL,NHL,D,#38bdf8,https://assets.nhle.com/mugs/nhl/latest/8478136.png,64,1,13,14,2,64,53
8483733,Nikita Grebenkin,NHL,NHL,R,#38bdf8,https://assets.nhle.com/mugs/nhl/latest/8483733.png,55,4,10,14,-7,46,32
8481532,Alex Turcotte,NHL,NHL,C,#38bdf8,https://assets.nhle.com/mugs/nhl/latest/8481532.png,60,3,11,14,-7,21,66
8478057,Dakota Joshua,NHL,NHL,C,#38bdf8,https://assets.nhle.com/mugs/nhl/latest/8478057.png,48,9,5,14,-2,34,42
8477998,Warren Foegele,NHL,NHL,L,#38bdf8,https://assets.nhle.com/mugs/nhl/latest/8477998.png,55,11,3,14,-2,16,87
8476458,Ryan Strome,NHL,NHL,C,#38bdf8,https://assets.nhle.com/mugs/nhl/latest/8476458.png,41,4,10,14,-9,27,43
8482176,Wyatt Kaiser,NHL,NHL,D,#38bdf8,https://assets.nhle.com/mugs/nhl/latest/8482176.png,64,6,8,14,-10,30,65
8476473,Connor Murphy,NHL,NHL,D,#38bdf8,https://assets.nhle.com/mugs/nhl/latest/8476473.png,69,5,9,14,-8,57,60
8476917,Adam Pelech,NHL,NHL,D,#38bdf8,https://assets.nhle.com/mugs/nhl/latest/8476917.png,70,4,10,14,5,38,99
8483499,Liam Ohgren,NHL,NHL,L,#38bdf8,https://assets.nhle.com/mugs/nhl/latest/8483499.png,56,7,7,14,-6,0,75
8482858,Ryker Evans,NHL,NHL,D,#38bdf8,https://assets.nhle.com/mugs/nhl/latest/8482858.png,54,7,7,14,7,32,39
8477425,Miles Wood,NHL,NHL,L,#38bdf8,https://assets.nhle.com/mugs/nhl/latest/8477425.png,44,8,6,14,-6,20,59
8481527,Kaedan Korczak,NHL,NHL,D,#38bdf8,https://assets.nhle.com/mugs/nhl/latest/8481527.png,69,3,11,14,7,24,55
8477478,William Carrier,NHL,NHL,L,#38bdf8,https://assets.nhle.com/mugs/nhl/latest/8477478.png,58,6,8,14,1,18,69
8481043,Cole Koepke,NHL,NHL,L,#38bdf8,https://assets.nhle.com/mugs/nhl/latest/8481043.png,53,6,8,14,1,14,61
8479980,Nicolas Hague,NHL,NHL,D,#38bdf8,https://assets.nhle.com/mugs/nhl/latest/8479980.png,55,3,11,14,-4,43,47
8481525,Matthew Robertson,NHL,NHL,D,#38bdf8,https://assets.nhle.com/mugs/nhl/latest/8481525.png,59,4,10,14,-4,32,68
8476892,Colton Parayko,NHL,NHL,D,#38bdf8,https://assets.nhle.com/mugs/nhl/latest/8476892.png,64,1,13,14,-12,16,83
8477969,Marcus Pettersson,NHL,NHL,D,#38bdf8,https://assets.nhle.com/mugs/nhl/latest/8477969.png,69,1,13,14,-9,58,58
8482126,Emil Andrae,NHL,NHL,D,#38bdf8,https://assets.nhle.com/mugs/nhl/latest/8482126.png,50,2,11,13,13,18,30
8474151,Ryan McDonagh,NHL,NHL,D,#38bdf8,https://assets.nhle.com/mugs/nhl/latest/8474151.png,35,5,8,13,11,4,31
8476480,Vladislav Namestnikov,NHL,NHL,C,#38bdf8,https://assets.nhle.com/mugs/nhl/latest/8476480.png,57,7,6,13,-11,28,70
8481006,Tyler Tucker,NHL,NHL,D,#38bdf8,https://assets.nhle.com/mugs/nhl/latest/8481006.png,61,3,10,13,-1,81,62
8475462,Radko Gudas,NHL,NHL,D,#38bdf8,https://assets.nhle.com/mugs/nhl/latest/8475462.png,52,2,11,13,-1,45,60
8476467,Jamie Oleksiak,NHL,NHL,D,#38bdf8,https://assets.nhle.com/mugs/nhl/latest/8476467.png,67,5,8,13,8,24,63
8479442,Troy Stecher,NHL,NHL,D,#38bdf8,https://assets.nhle.com/mugs/nhl/latest/8479442.png,55,3,10,13,0,20,60
8482768,Fedor Svechkov,NHL,NHL,C,#38bdf8,https://assets.nhle.com/mugs/nhl/latest/8482768.png,57,3,10,13,-6,16,60
8479398,Samuel Girard,NHL,NHL,D,#38bdf8,https://assets.nhle.com/mugs/nhl/latest/8479398.png,48,3,10,13,11,15,36
8480049,Dylan Samberg,NHL,NHL,D,#38bdf8,https://assets.nhle.com/mugs/nhl/latest/8480049.png,53,1,12,13,5,8,66
8478891,Mason Appleton,NHL,NHL,C,#38bdf8,https://assets.nhle.com/mugs/nhl/latest/8478891.png,60,5,8,13,-3,38,60
8483506,Sam Rinzel,NHL,NHL,D,#38bdf8,https://assets.nhle.com/mugs/nhl/latest/8483506.png,41,3,10,13,-3,40,68
8482148,Hendrix Lapierre,NHL,NHL,C,#38bdf8,https://assets.nhle.com/mugs/nhl/latest/8482148.png,65,3,10,13,4,14,50
8484800,Berkly Catton,NHL,NHL,C,#38bdf8,https://assets.nhle.com/mugs/nhl/latest/8484800.png,53,6,7,13,-5,18,65
8479369,Andrew Peeke,NHL,NHL,D,#38bdf8,https://assets.nhle.com/mugs/nhl/latest/8479369.png,66,4,9,13,-8,20,68
8476994,Vinnie Hinostroza,NHL,NHL,C,#38bdf8,https://assets.nhle.com/mugs/nhl/latest/8476994.png,53,5,8,13,-9,27,52
8482159,Tyson Foerster,NHL,NHL,R,#38bdf8,https://assets.nhle.com/mugs/nhl/latest/8482159.png,21,10,3,13,7,18,41
8482691,Aatu Räty,NHL,NHL,C,#38bdf8,https://assets.nhle.com/mugs/nhl/latest/8482691.png,53,4,9,13,1,22,51
8476871,Tanner Pearson,NHL,NHL,L,#38bdf8,https://assets.nhle.com/mugs/nhl/latest/8476871.png,53,7,6,13,8,27,52
8484149,Gavin Brindley,NHL,NHL,C,#38bdf8,https://assets.nhle.com/mugs/nhl/latest/8484149.png,55,6,7,13,1,8,61
8475784,Jeff Skinner,NHL,NHL,L,#38bdf8,https://assets.nhle.com/mugs/nhl/latest/8475784.png,32,6,7,13,-8,14,56
8475279,Ben Chiarot,NHL,NHL,D,#38bdf8,https://assets.nhle.com/mugs/nhl/latest/8475279.png,70,5,7,12,-5,60,89
8482178,Ian Moore,NHL,NHL,D,#38bdf8,https://assets.nhle.com/mugs/nhl/latest/8482178.png,54,4,8,12,-4,24,55
8477839,Conor Sheary,NHL,NHL,L,#38bdf8,https://assets.nhle.com/mugs/nhl/latest/8477839.png,49,3,9,12,0,10,64
8479359,Beck Malenstyn,NHL,NHL,L,#38bdf8,https://assets.nhle.com/mugs/nhl/latest/8479359.png,69,6,6,12,0,34,60
8479336,Carl Grundstrom,NHL,NHL,R,#38bdf8,https://assets.nhle.com/mugs/nhl/latest/8479336.png,39,8,4,12,8,17,46
8477426,Nick Paul,NHL,NHL,L,#38bdf8,https://assets.nhle.com/mugs/nhl/latest/8477426.png,38,6,6,12,-10,18,49
8474641,Adam Henrique,NHL,NHL,C,#38bdf8,https://assets.nhle.com/mugs/nhl/latest/8474641.png,54,2,10,12,-11,14,76
8481563,Drew Helleson,NHL,NHL,D,#38bdf8,https://assets.nhle.com/mugs/nhl/latest/8481563.png,53,2,10,12,-7,20,35
8479370,Tyson Jost,NHL,NHL,C,#38bdf8,https://assets.nhle.com/mugs/nhl/latest/8479370.png,56,7,5,12,-13,22,70
8482165,Yan Kuznetsov,NHL,NHL,D,#38bdf8,https://assets.nhle.com/mugs/nhl/latest/8482165.png,52,4,8,12,-9,28,58
8473422,Nick Foligno,NHL,NHL,L,#38bdf8,https://assets.nhle.com/mugs/nhl/latest/8473422.png,45,3,9,12,3,29,37
8478840,Will Borgen,NHL,NHL,D,#38bdf8,https://assets.nhle.com/mugs/nhl/latest/8478840.png,62,5,7,12,1,32,63
8482482,Adam Wilsby,NHL,NHL,D,#38bdf8,https://assets.nhle.com/mugs/nhl/latest/8482482.png,45,1,11,12,-3,29,47
8484806,Sam Dickinson,NHL,NHL,D,#38bdf8,https://assets.nhle.com/mugs/nhl/latest/8484806.png,58,1,11,12,-6,18,58
8480834,Ty Emberson,NHL,NHL,D,#38bdf8,https://assets.nhle.com/mugs/nhl/latest/8480834.png,61,2,10,12,3,21,38
8476891,Matt Grzelcyk,NHL,NHL,D,#38bdf8,https://assets.nhle.com/mugs/nhl/latest/8476891.png,68,0,12,12,-9,32,68
8474679,Gustav Nyquist,NHL,NHL,R,#38bdf8,https://assets.nhle.com/mugs/nhl/latest/8474679.png,48,1,11,12,-8,10,58
8477573,Nathan Walker,NHL,NHL,L,#38bdf8,https://assets.nhle.com/mugs/nhl/latest/8477573.png,41,4,7,11,-5,24,35
8484860,Matvei Gridin,NHL,NHL,R,#38bdf8,https://assets.nhle.com/mugs/nhl/latest/8484860.png,25,4,7,11,-13,2,50
8484142,Denver Barkey,NHL,NHL,C,#38bdf8,https://assets.nhle.com/mugs/nhl/latest/8484142.png,32,3,8,11,-9,14,32
8475220,Marcus Foligno,NHL,NHL,L,#38bdf8,https://assets.nhle.com/mugs/nhl/latest/8475220.png,48,6,5,11,-11,58,55
8483676,Stephen Halliday,NHL,NHL,C,#38bdf8,https://assets.nhle.com/mugs/nhl/latest/8483676.png,28,4,7,11,2,2,30
8477380,Jonny Brodzinski,NHL,NHL,C,#38bdf8,https://assets.nhle.com/mugs/nhl/latest/8477380.png,44,4,7,11,-5,10,43
8478472,Mathieu Joseph,NHL,NHL,R,#38bdf8,https://assets.nhle.com/mugs/nhl/latest/8478472.png,41,2,9,11,-4,4,30
8476429,Scott Mayfield,NHL,NHL,D,#38bdf8,https://assets.nhle.com/mugs/nhl/latest/8476429.png,68,2,9,11,-9,74,63
8481219,Jonathan Aspirot,NHL,NHL,D,#38bdf8,https://assets.nhle.com/mugs/nhl/latest/8481219.png,49,3,8,11,26,41,35
8477845,Trevor van Riemsdyk,NHL,NHL,D,#38bdf8,https://assets.nhle.com/mugs/nhl/latest/8477845.png,56,2,9,11,-2,16,35
8474189,Lars Eller,NHL,NHL,C,#38bdf8,https://assets.nhle.com/mugs/nhl/latest/8474189.png,55,3,8,11,5,12,59
8480848,Ty Dellandrea,NHL,NHL,C,#38bdf8,https://assets.nhle.com/mugs/nhl/latest/8480848.png,42,2,9,11,-15,18,44
8476278,Colin Blackwell,NHL,NHL,C,#38bdf8,https://assets.nhle.com/mugs/nhl/latest/8476278.png,58,3,8,11,-2,22,52
8481477,Nico Sturm,NHL,NHL,C,#38bdf8,https://assets.nhle.com/mugs/nhl/latest/8481477.png,46,5,6,11,1,14,35
8480727,Zach Whitecloud,NHL,NHL,D,#38bdf8,https://assets.nhle.com/mugs/nhl/latest/8480727.png,65,2,9,11,-8,26,54
8484994,Igor Chernyshov,NHL,NHL,L,#38bdf8,https://assets.nhle.com/mugs/nhl/latest/8484994.png,16,3,8,11,2,2,27
8476927,Teddy Blueger,NHL,NHL,C,#38bdf8,https://assets.nhle.com/mugs/nhl/latest/8476927.png,22,6,5,11,-6,6,32
8476624,Barclay Goodrow,NHL,NHL,C,#38bdf8,https://assets.nhle.com/mugs/nhl/latest/8476624.png,68,5,6,11,-16,71,59
8478859,Niko Mikkola,NHL,NHL,D,#38bdf8,https://assets.nhle.com/mugs/nhl/latest/8478859.png,68,3,8,11,-1,47,68
8480043,Timothy Liljegren,NHL,NHL,D,#38bdf8,https://assets.nhle.com/mugs/nhl/latest/8480043.png,46,1,10,11,-7,29,38
8476967,Brett Kulak,NHL,NHL,D,#38bdf8,https://assets.nhle.com/mugs/nhl/latest/8476967.png,69,1,10,11,0,32,74
8481056,Spencer Stastney,NHL,NHL,D,#38bdf8,https://assets.nhle.com/mugs/nhl/latest/8481056.png,66,2,8,10,-11,20,56
8480246,Nick Perbix,NHL,NHL,D,#38bdf8,https://assets.nhle.com/mugs/nhl/latest/8480246.png,66,3,7,10,-10,20,67
8482166,Shakir Mukhamadullin,NHL,NHL,D,#38bdf8,https://assets.nhle.com/mugs/nhl/latest/8482166.png,37,4,6,10,-2,14,33
8479371,Dante Fabbro,NHL,NHL,D,#38bdf8,https://assets.nhle.com/mugs/nhl/latest/8479371.png,61,5,5,10,-13,20,60
8478468,Jeremy Lauzon,NHL,NHL,D,#38bdf8,https://assets.nhle.com/mugs/nhl/latest/8478468.png,56,0,10,10,-5,83,55
8478454,Noah Juulsen,NHL,NHL,D,#38bdf8,https://assets.nhle.com/mugs/nhl/latest/8478454.png,49,1,9,10,3,15,26
8481719,Max Crozier,NHL,NHL,D,#38bdf8,https://assets.nhle.com/mugs/nhl/latest/8481719.png,34,1,9,10,7,40,44
8480035,Henri Jokiharju,NHL,NHL,D,#38bdf8,https://assets.nhle.com/mugs/nhl/latest/8480035.png,36,0,10,10,2,12,32
8479022,Rodrigo Abols,NHL,NHL,C,#38bdf8,https://assets.nhle.com/mugs/nhl/latest/8479022.png,42,3,7,10,-1,22,43
8483630,Pavol Regenda,NHL,NHL,L,#38bdf8,https://assets.nhle.com/mugs/nhl/latest/8483630.png,21,9,1,10,2,10,40
8480806,Isac Lundeström,NHL,NHL,C,#38bdf8,https://assets.nhle.com/mugs/nhl/latest/8480806.png,55,4,6,10,0,4,52
8482087,Kaiden Guhle,NHL,NHL,D,#38bdf8,https://assets.nhle.com/mugs/nhl/latest/8482087.png,29,2,8,10,0,31,31
8480003,Jesper Boqvist,NHL,NHL,C,#38bdf8,https://assets.nhle.com/mugs/nhl/latest/8480003.png,60,3,7,10,-7,16,47
8480840,Oskar Bäck,NHL,NHL,C,#38bdf8,https://assets.nhle.com/mugs/nhl/latest/8480840.png,59,5,5,10,7,10,32
8482062,Cole Smith,NHL,NHL,R,#38bdf8,https://assets.nhle.com/mugs/nhl/latest/8482062.png,51,6,4,10,-7,33,59
8482703,Colton Dach,NHL,NHL,C,#38bdf8,https://assets.nhle.com/mugs/nhl/latest/8482703.png,56,3,7,10,-17,47,52
8477369,Carson Soucy,NHL,NHL,D,#38bdf8,https://assets.nhle.com/mugs/nhl/latest/8477369.png,64,5,5,10,-3,30,55
8479400,Pierre-Luc Dubois,NHL,NHL,C,#38bdf8,https://assets.nhle.com/mugs/nhl/latest/8479400.png,18,4,5,9,-3,4,29
8481641,Joel Kiviranta,NHL,NHL,L,#38bdf8,https://assets.nhle.com/mugs/nhl/latest/8481641.png,38,3,6,9,1,6,37
8483678,Elias Pettersson,NHL,NHL,D,#38bdf8,https://assets.nhle.com/mugs/nhl/latest/8483678.png,59,2,7,9,-13,26,40
8479066,Ryan Lomberg,NHL,NHL,L,#38bdf8,https://assets.nhle.com/mugs/nhl/latest/8479066.png,56,4,5,9,-3,59,53
8476925,Colton Sissons,NHL,NHL,C,#38bdf8,https://assets.nhle.com/mugs/nhl/latest/8476925.png,54,5,4,9,-9,17,61
8480878,Nils Lundkvist,NHL,NHL,D,#38bdf8,https://assets.nhle.com/mugs/nhl/latest/8480878.png,42,3,6,9,8,12,40
8482125,Alexander Holtz,NHL,NHL,R,#38bdf8,https://assets.nhle.com/mugs/nhl/latest/8482125.png,28,3,6,9,-1,10,30
8482408,Jeff Malott,NHL,NHL,L,#38bdf8,https://assets.nhle.com/mugs/nhl/latest/8482408.png,52,3,6,9,-9,41,48
8478416,Erik Cernak,NHL,NHL,D,#38bdf8,https://assets.nhle.com/mugs/nhl/latest/8478416.png,47,1,8,9,3,54,38
8481607,Albert Johansson,NHL,NHL,D,#38bdf8,https://assets.nhle.com/mugs/nhl/latest/8481607.png,70,2,7,9,-10,14,50
8481593,Jayden Struble,NHL,NHL,D,#38bdf8,https://assets.nhle.com/mugs/nhl/latest/8481593.png,46,0,9,9,0,40,14
8475755,Alexander Petrovic,NHL,NHL,D,#38bdf8,https://assets.nhle.com/mugs/nhl/latest/8475755.png,51,2,7,9,2,47,56
8482911,Joel Nystrom,NHL,NHL,D,#38bdf8,https://assets.nhle.com/mugs/nhl/latest/8482911.png,37,1,8,9,5,6,43
8479324,Ryan Lindgren,NHL,NHL,D,#38bdf8,https://assets.nhle.com/mugs/nhl/latest/8479324.png,65,2,7,9,7,58,42
8474574,Tyler Myers,NHL,NHL,D,#38bdf8,https://assets.nhle.com/mugs/nhl/latest/8474574.png,64,1,8,9,-25,44,82
8480145,Neal Pionk,NHL,NHL,D,#38bdf8,https://assets.nhle.com/mugs/nhl/latest/8480145.png,41,3,6,9,0,19,78
8480829,Jesperi Kotkaniemi,NHL,NHL,C,#38bdf8,https://assets.nhle.com/mugs/nhl/latest/8480829.png,37,2,7,9,2,8,38
8481754,Nikita Nesterenko,NHL,NHL,C,#38bdf8,https://assets.nhle.com/mugs/nhl/latest/8481754.png,29,1,8,9,-2,8,31
8476422,Mike Reilly,NHL,NHL,D,#38bdf8,https://assets.nhle.com/mugs/nhl/latest/8476422.png,36,1,8,9,11,18,55
8482947,Zakhar Bardakov,NHL,NHL,C,#38bdf8,https://assets.nhle.com/mugs/nhl/latest/8482947.png,54,1,8,9,4,14,29
8476438,Brandon Saad,NHL,NHL,L,#38bdf8,https://assets.nhle.com/mugs/nhl/latest/8476438.png,46,3,5,8,-8,14,73
8473507,Jeff Petry,NHL,NHL,D,#38bdf8,https://assets.nhle.com/mugs/nhl/latest/8473507.png,59,0,8,8,-9,22,46
8478046,Danton Heinen,NHL,NHL,L,#38bdf8,https://assets.nhle.com/mugs/nhl/latest/8478046.png,34,5,3,8,3,12,35
8482733,Logan Mailloux,NHL,NHL,D,#38bdf8,https://assets.nhle.com/mugs/nhl/latest/8482733.png,54,3,5,8,-19,37,59
8476879,Cody Ceci,NHL,NHL,D,#38bdf8,https://assets.nhle.com/mugs/nhl/latest/8476879.png,69,1,7,8,-5,12,52
8477499,Rasmus Ristolainen,NHL,NHL,D,#38bdf8,https://assets.nhle.com/mugs/nhl/latest/8477499.png,32,1,7,8,2,12,46
8477947,Sonny Milano,NHL,NHL,L,#38bdf8,https://assets.nhle.com/mugs/nhl/latest/8477947.png,31,4,4,8,0,4,34
8482765,Isak Rosen,NHL,NHL,R,#38bdf8,https://assets.nhle.com/mugs/nhl/latest/8482765.png,24,4,4,8,-3,0,24
8480281,Alexey Toropchenko,NHL,NHL,R,#38bdf8,https://assets.nhle.com/mugs/nhl/latest/8480281.png,53,3,5,8,-11,28,50
8481133,Cole Reinhardt,NHL,NHL,L,#38bdf8,https://assets.nhle.com/mugs/nhl/latest/8481133.png,49,4,4,8,-6,19,38
8484230,Otto Stenberg,NHL,NHL,C,#38bdf8,https://assets.nhle.com/mugs/nhl/latest/8484230.png,23,1,7,8,3,0,21
8478104,Samuel Blais,NHL,NHL,L,#38bdf8,https://assets.nhle.com/mugs/nhl/latest/8478104.png,21,3,5,8,2,10,18
8480950,Ilya Lyubushkin,NHL,NHL,D,#38bdf8,https://assets.nhle.com/mugs/nhl/latest/8480950.png,44,1,7,8,1,36,29
8476372,Nick Seeler,NHL,NHL,D,#38bdf8,https://assets.nhle.com/mugs/nhl/latest/8476372.png,67,2,6,8,-4,34,82
8484185,Nick Lardis,NHL,NHL,L,#38bdf8,https://assets.nhle.com/mugs/nhl/latest/8484185.png,28,5,3,8,-11,8,35
8482726,Samuel Helenius,NHL,NHL,C,#38bdf8,https://assets.nhle.com/mugs/nhl/latest/8482726.png,41,4,4,8,-3,41,31
8479520,Brandon Duhaime,NHL,NHL,L,#38bdf8,https://assets.nhle.com/mugs/nhl/latest/8479520.png,70,4,4,8,-2,66,56
8475714,Calle Jarnkrok,NHL,NHL,C,#38bdf8,https://assets.nhle.com/mugs/nhl/latest/8475714.png,47,6,2,8,-9,8,39
8477406,Mattias Janmark,NHL,NHL,C,#38bdf8,https://assets.nhle.com/mugs/nhl/latest/8477406.png,43,1,7,8,-8,22,24
8475760,Nick Bjugstad,NHL,NHL,C,#38bdf8,https://assets.nhle.com/mugs/nhl/latest/8475760.png,48,6,2,8,-9,29,67
8482470,Ilya Solovyov,NHL,NHL,D,#38bdf8,https://assets.nhle.com/mugs/nhl/latest/8482470.png,27,1,7,8,2,14,20
8478424,Jansen Harkins,NHL,NHL,C,#38bdf8,https://assets.nhle.com/mugs/nhl/latest/8478424.png,42,3,5,8,-6,28,35
8478366,Frank Vatrano,NHL,NHL,R,#38bdf8,https://assets.nhle.com/mugs/nhl/latest/8478366.png,44,4,4,8,-10,38,72
8482117,Lukas Reichel,NHL,NHL,L,#38bdf8,https://assets.nhle.com/mugs/nhl/latest/8482117.png,21,3,4,7,-1,6,17
8484160,Nate Danielson,NHL,NHL,C,#38bdf8,https://assets.nhle.com/mugs/nhl/latest/8484160.png,28,2,5,7,-7,4,31
8483513,Reid Schaefer,NHL,NHL,L,#38bdf8,https://assets.nhle.com/mugs/nhl/latest/8483513.png,34,5,2,7,-8,13,28
8482758,Ville Koivunen,NHL,NHL,R,#38bdf8,https://assets.nhle.com/mugs/nhl/latest/8482758.png,33,2,5,7,-5,10,32
8476474,Stefan Noesen,NHL,NHL,R,#38bdf8,https://assets.nhle.com/mugs/nhl/latest/8476474.png,38,3,4,7,-12,33,52
8475188,Brayden McNabb,NHL,NHL,D,#38bdf8,https://assets.nhle.com/mugs/nhl/latest/8475188.png,51,3,4,7,-6,20,63
8480990,Declan Chisholm,NHL,NHL,D,#38bdf8,https://assets.nhle.com/mugs/nhl/latest/8480990.png,26,1,6,7,3,4,20
8476448,William Karlsson,NHL,NHL,C,#38bdf8,https://assets.nhle.com/mugs/nhl/latest/8476448.png,14,4,3,7,-1,4,30
8479414,Nathan Bastian,NHL,NHL,R,#38bdf8,https://assets.nhle.com/mugs/nhl/latest/8479414.png,33,6,1,7,4,21,23
8481237,Kyle MacLean,NHL,NHL,C,#38bdf8,https://assets.nhle.com/mugs/nhl/latest/8481237.png,50,2,5,7,-5,38,37
8478399,Jonas Siegenthaler,NHL,NHL,D,#38bdf8,https://assets.nhle.com/mugs/nhl/latest/8478399.png,69,0,7,7,-15,44,52
8479705,Jeffrey Viel,NHL,NHL,L,#38bdf8,https://assets.nhle.com/mugs/nhl/latest/8479705.png,32,2,5,7,2,57,42
8484388,Daniil But,NHL,NHL,L,#38bdf8,https://assets.nhle.com/mugs/nhl/latest/8484388.png,28,3,4,7,2,8,43
8482111,Justin Barron,NHL,NHL,D,#38bdf8,https://assets.nhle.com/mugs/nhl/latest/8482111.png,42,0,7,7,-2,15,25
8477810,Joel Hanley,NHL,NHL,D,#38bdf8,https://assets.nhle.com/mugs/nhl/latest/8477810.png,65,0,7,7,-3,44,40
8481030,Jack St. Ivany,NHL,NHL,D,#38bdf8,https://assets.nhle.com/mugs/nhl/latest/8481030.png,17,0,7,7,7,6,16
8481556,John Beecher,NHL,NHL,C,#38bdf8,https://assets.nhle.com/mugs/nhl/latest/8481556.png,32,3,3,6,-5,29,32
8480001,Urho Vaakanainen,NHL,NHL,D,#38bdf8,https://assets.nhle.com/mugs/nhl/latest/8480001.png,33,0,6,6,0,14,22
8474567,Zach Bogosian,NHL,NHL,D,#38bdf8,https://assets.nhle.com/mugs/nhl/latest/8474567.png,37,2,4,6,4,16,29
8482929,Emil Lilleberg,NHL,NHL,D,#38bdf8,https://assets.nhle.com/mugs/nhl/latest/8482929.png,36,2,4,6,9,45,28
8480144,David Kampf,NHL,NHL,C,#38bdf8,https://assets.nhle.com/mugs/nhl/latest/8480144.png,38,2,4,6,-12,10,36
8483497,Jani Nyman,NHL,NHL,R,#38bdf8,https://assets.nhle.com/mugs/nhl/latest/8483497.png,26,4,2,6,-4,6,31
8476874,Olli Maatta,NHL,NHL,D,#38bdf8,https://assets.nhle.com/mugs/nhl/latest/8476874.png,30,0,6,6,-7,4,22
8482172,Landon Slaggert,NHL,NHL,L,#38bdf8,https://assets.nhle.com/mugs/nhl/latest/8482172.png,41,3,3,6,0,14,36
8482666,Scott Morrow,NHL,NHL,D,#38bdf8,https://assets.nhle.com/mugs/nhl/latest/8482666.png,29,0,6,6,-5,4,24
8477454,Adam Erne,NHL,NHL,L,#38bdf8,https://assets.nhle.com/mugs/nhl/latest/8477454.png,35,5,1,6,2,15,34
8480196,Jacob Bryson,NHL,NHL,D,#38bdf8,https://assets.nhle.com/mugs/nhl/latest/8480196.png,42,2,4,6,-5,10,17
8476867,Brendan Gaunce,NHL,NHL,C,#38bdf8,https://assets.nhle.com/mugs/nhl/latest/8476867.png,25,2,4,6,-1,12,29
8483406,Taylor Ward,NHL,NHL,R,#38bdf8,https://assets.nhle.com/mugs/nhl/latest/8483406.png,27,3,3,6,1,2,31
8479982,Conor Timmins,NHL,NHL,D,#38bdf8,https://assets.nhle.com/mugs/nhl/latest/8479982.png,33,0,6,6,-11,16,33
8483425,Lian Bichsel,NHL,NHL,D,#38bdf8,https://assets.nhle.com/mugs/nhl/latest/8483425.png,38,3,3,6,7,35,18
8476822,Luke Glendening,NHL,NHL,C,#38bdf8,https://assets.nhle.com/mugs/nhl/latest/8476822.png,57,1,5,6,-10,6,39
8484177,Lenni Hameenaho,NHL,NHL,R,#38bdf8,https://assets.nhle.com/mugs/nhl/latest/8484177.png,21,2,4,6,0,2,29
8484305,Zach Metsa,NHL,NHL,D,#38bdf8,https://assets.nhle.com/mugs/nhl/latest/8484305.png,37,2,4,6,20,8,22
8479365,Trent Frederic,NHL,NHL,C,#38bdf8,https://assets.nhle.com/mugs/nhl/latest/8479365.png,67,4,2,6,-16,58,65
8483771,Sandis Vilmanis,NHL,NHL,L,#38bdf8,https://assets.nhle.com/mugs/nhl/latest/8483771.png,19,3,2,5,-1,4,15
8484321,Nikolas Matinpalo,NHL,NHL,D,#38bdf8,https://assets.nhle.com/mugs/nhl/latest/8484321.png,37,0,5,5,2,10,24
8481122,Simon Benoit,NHL,NHL,D,#38bdf8,https://assets.nhle.com/mugs/nhl/latest/8481122.png,62,0,5,5,-15,39,42
8481725,Elmer Soderblom,NHL,NHL,L,#38bdf8,https://assets.nhle.com/mugs/nhl/latest/8481725.png,46,3,2,5,-6,12,54
8478476,Kyle Capobianco,NHL,NHL,D,#38bdf8,https://assets.nhle.com/mugs/nhl/latest/8478476.png,31,2,3,5,0,8,17
8483468,Jiri Kulich,NHL,NHL,C,#38bdf8,https://assets.nhle.com/mugs/nhl/latest/8483468.png,12,3,2,5,-4,4,20
8479316,Luke Kunin,NHL,NHL,C,#38bdf8,https://assets.nhle.com/mugs/nhl/latest/8479316.png,50,2,3,5,-10,35,41
8485493,David Tomasek,NHL,NHL,R,#38bdf8,https://assets.nhle.com/mugs/nhl/latest/8485493.png,22,3,2,5,-6,10,30
8483487,Rutger McGroarty,NHL,NHL,R,#38bdf8,https://assets.nhle.com/mugs/nhl/latest/8483487.png,20,2,3,5,-1,2,34
8483395,Arshdeep Bains,NHL,NHL,L,#38bdf8,https://assets.nhle.com/mugs/nhl/latest/8483395.png,28,1,4,5,-3,12,18
8483455,Isaac Howard,NHL,NHL,L,#38bdf8,https://assets.nhle.com/mugs/nhl/latest/8483455.png,28,2,3,5,-6,12,33
8481726,Adam Edstrom,NHL,NHL,C,#38bdf8,https://assets.nhle.com/mugs/nhl/latest/8481726.png,33,3,2,5,1,2,31
8482859,Zack Ostapchuk,NHL,NHL,C,#38bdf8,https://assets.nhle.com/mugs/nhl/latest/8482859.png,45,3,2,5,-10,17,33
8475763,Kevin Hayes,NHL,NHL,R,#38bdf8,https://assets.nhle.com/mugs/nhl/latest/8475763.png,25,3,2,5,-4,6,40
8477021,Alexander Kerfoot,NHL,NHL,C,#38bdf8,https://assets.nhle.com/mugs/nhl/latest/8477021.png,22,2,3,5,-1,23,16
8482874,Jacob Melanson,NHL,NHL,R,#38bdf8,https://assets.nhle.com/mugs/nhl/latest/8482874.png,32,2,3,5,-6,23,27
8478413,Jordan Greenway,NHL,NHL,L,#38bdf8,https://assets.nhle.com/mugs/nhl/latest/8478413.png,33,1,4,5,-9,23,29
8479576,Vincent Desharnais,NHL,NHL,D,#38bdf8,https://assets.nhle.com/mugs/nhl/latest/8479576.png,40,1,4,5,3,60,24
8480058,Pierre-Olivier Joseph,NHL,NHL,D,#38bdf8,https://assets.nhle.com/mugs/nhl/latest/8480058.png,24,1,4,5,-12,4,18
8482090,Jack Finley,NHL,NHL,C,#38bdf8,https://assets.nhle.com/mugs/nhl/latest/8482090.png,34,2,3,5,2,27,21
8477508,Curtis Lazar,NHL,NHL,C,#38bdf8,https://assets.nhle.com/mugs/nhl/latest/8477508.png,38,3,2,5,-2,10,24
8479550,Tanner Laczynski,NHL,NHL,C,#38bdf8,https://assets.nhle.com/mugs/nhl/latest/8479550.png,10,0,5,5,0,4,12
8479944,Zach Aston-Reese,NHL,NHL,L,#38bdf8,https://assets.nhle.com/mugs/nhl/latest/8479944.png,26,1,4,5,-1,12,17
8480870,Bo Groulx,NHL,NHL,C,#38bdf8,https://assets.nhle.com/mugs/nhl/latest/8480870.png,7,3,2,5,4,0,11
8482094,Daemon Hunt,NHL,NHL,D,#38bdf8,https://assets.nhle.com/mugs/nhl/latest/8482094.png,29,0,5,5,-3,6,15
8483471,Brad Lambert,NHL,NHL,C,#38bdf8,https://assets.nhle.com/mugs/nhl/latest/8483471.png,12,2,3,5,-2,2,10
8477365,Connor Clifton,NHL,NHL,D,#38bdf8,https://assets.nhle.com/mugs/nhl/latest/8477365.png,38,2,3,5,0,42,24
8482103,Ozzy Wiesblatt,NHL,NHL,C,#38bdf8,https://assets.nhle.com/mugs/nhl/latest/8482103.png,38,1,4,5,-6,38,24
8482715,Ryan Ufko,NHL,NHL,D,#38bdf8,https://assets.nhle.com/mugs/nhl/latest/8482715.png,8,2,3,5,1,2,5
8483731,Alex Bump,NHL,NHL,L,#38bdf8,https://assets.nhle.com/mugs/nhl/latest/8483731.png,8,2,2,4,2,2,12
8481077,John Leonard,NHL,NHL,L,#38bdf8,https://assets.nhle.com/mugs/nhl/latest/8481077.png,11,2,2,4,-3,0,11
8477952,Robby Fabbri,NHL,NHL,C,#38bdf8,https://assets.nhle.com/mugs/nhl/latest/8477952.png,19,1,3,4,-4,14,25
8480842,Filip Hallander,NHL,NHL,C,#38bdf8,https://assets.nhle.com/mugs/nhl/latest/8480842.png,13,1,3,4,4,2,22
8481167,Brayden Pachal,NHL,NHL,D,#38bdf8,https://assets.nhle.com/mugs/nhl/latest/8481167.png,32,0,4,4,2,43,24
8478841,Colton White,NHL,NHL,D,#38bdf8,https://assets.nhle.com/mugs/nhl/latest/8478841.png,23,0,4,4,2,2,14
8475181,Nick Leddy,NHL,NHL,D,#38bdf8,https://assets.nhle.com/mugs/nhl/latest/8475181.png,22,0,4,4,-11,6,11
8485512,Tim Washe,NHL,NHL,C,#38bdf8,https://assets.nhle.com/mugs/nhl/latest/8485512.png,26,2,2,4,1,10,25
8483510,Elias Salomonsson,NHL,NHL,D,#38bdf8,https://assets.nhle.com/mugs/nhl/latest/8483510.png,26,1,3,4,-1,8,33
8480813,Joseph Veleno,NHL,NHL,C,#38bdf8,https://assets.nhle.com/mugs/nhl/latest/8480813.png,51,2,2,4,-8,15,47
8484180,Samuel Honzek,NHL,NHL,L,#38bdf8,https://assets.nhle.com/mugs/nhl/latest/8484180.png,18,2,2,4,1,2,22
8482896,Tyson Kozak,NHL,NHL,C,#38bdf8,https://assets.nhle.com/mugs/nhl/latest/8482896.png,40,2,2,4,-3,2,27
8476958,Jaccob Slavin,NHL,NHL,D,#38bdf8,https://assets.nhle.com/mugs/nhl/latest/8476958.png,29,0,4,4,5,4,45
8477149,Scott Sabourin,NHL,NHL,R,#38bdf8,https://assets.nhle.com/mugs/nhl/latest/8477149.png,18,1,3,4,0,80,9
8476907,Mackenzie MacEachern,NHL,NHL,L,#38bdf8,https://assets.nhle.com/mugs/nhl/latest/8476907.png,8,1,3,4,0,12,6
8482623,Josh Dunne,NHL,NHL,C,#38bdf8,https://assets.nhle.com/mugs/nhl/latest/8482623.png,31,1,3,4,-5,36,27
8481655,Cole Schwindt,NHL,NHL,R,#38bdf8,https://assets.nhle.com/mugs/nhl/latest/8481655.png,22,3,1,4,1,2,12
8483553,Marc Gatcomb,NHL,NHL,C,#38bdf8,https://assets.nhle.com/mugs/nhl/latest/8483553.png,38,1,3,4,-4,6,39
8484797,Konsta Helenius,NHL,NHL,C,#38bdf8,https://assets.nhle.com/mugs/nhl/latest/8484797.png,9,1,3,4,1,0,15
8484958,Maksim Tsyplakov,NHL,NHL,R,#38bdf8,https://assets.nhle.com/mugs/nhl/latest/8484958.png,42,2,2,4,-13,6,36
8480879,Jacob Bernard-Docker,NHL,NHL,D,#38bdf8,https://assets.nhle.com/mugs/nhl/latest/8480879.png,54,0,4,4,6,18,37
8480192,Johnathan Kovacevic,NHL,NHL,D,#38bdf8,https://assets.nhle.com/mugs/nhl/latest/8480192.png,21,0,4,4,-5,28,24
8481600,Tobias Bjornfot,NHL,NHL,D,#38bdf8,https://assets.nhle.com/mugs/nhl/latest/8481600.png,11,2,1,3,4,0,9
8482131,Donovan Sebrango,NHL,NHL,D,#38bdf8,https://assets.nhle.com/mugs/nhl/latest/8482131.png,29,0,3,3,-10,60,20
8476856,Mathew Dumba,NHL,NHL,D,#38bdf8,https://assets.nhle.com/mugs/nhl/latest/8476856.png,11,1,2,3,-5,11,7
8481569,Marshall Warren,NHL,NHL,D,#38bdf8,https://assets.nhle.com/mugs/nhl/latest/8481569.png,8,0,3,3,0,4,7
8482107,Mike Benning,NHL,NHL,D,#38bdf8,https://assets.nhle.com/mugs/nhl/latest/8482107.png,5,0,3,3,1,0,2
8477903,Garnet Hathaway,NHL,NHL,R,#38bdf8,https://assets.nhle.com/mugs/nhl/latest/8477903.png,57,1,2,3,-9,59,28
8479981,Jonah Gadjovich,NHL,NHL,L,#38bdf8,https://assets.nhle.com/mugs/nhl/latest/8479981.png,10,0,3,3,2,7,8
8481178,Egor Zamula,NHL,NHL,D,#38bdf8,https://assets.nhle.com/mugs/nhl/latest/8481178.png,28,0,3,3,7,4,16
8479372,Josh Mahura,NHL,NHL,D,#38bdf8,https://assets.nhle.com/mugs/nhl/latest/8479372.png,21,1,2,3,8,16,13
8480831,Alec Regula,NHL,NHL,D,#38bdf8,https://assets.nhle.com/mugs/nhl/latest/8480831.png,29,0,3,3,-16,35,18
8471817,Ryan Reaves,NHL,NHL,R,#38bdf8,https://assets.nhle.com/mugs/nhl/latest/8471817.png,50,3,0,3,-12,37,25
8481491,Noah Philp,NHL,NHL,C,#38bdf8,https://assets.nhle.com/mugs/nhl/latest/8481491.png,17,2,1,3,-7,4,14
8483398,Declan Carlile,NHL,NHL,D,#38bdf8,https://assets.nhle.com/mugs/nhl/latest/8483398.png,38,1,2,3,5,23,29
8482861,Vincent Iorio,NHL,NHL,D,#38bdf8,https://assets.nhle.com/mugs/nhl/latest/8482861.png,26,0,3,3,-4,12,15
8481704,Juuso Parssinen,NHL,NHL,C,#38bdf8,https://assets.nhle.com/mugs/nhl/latest/8481704.png,19,2,1,3,4,8,15
8481535,Nils Hoglander,NHL,NHL,L,#38bdf8,https://assets.nhle.com/mugs/nhl/latest/8481535.png,28,1,2,3,-3,8,26
8483476,Jonathan Lekkerimäki,NHL,NHL,R,#38bdf8,https://assets.nhle.com/mugs/nhl/latest/8483476.png,13,2,1,3,-3,0,10
8480078,Filip Chytil,NHL,NHL,C,#38bdf8,https://assets.nhle.com/mugs/nhl/latest/8480078.png,12,3,0,3,-7,6,24
8475790,Erik Gudbranson,NHL,NHL,D,#38bdf8,https://assets.nhle.com/mugs/nhl/latest/8475790.png,24,1,2,3,7,12,21
8484768,Zayne Parekh,NHL,NHL,D,#38bdf8,https://assets.nhle.com/mugs/nhl/latest/8484768.png,24,0,3,3,-3,6,23
8482516,Matthew Kessel,NHL,NHL,D,#38bdf8,https://assets.nhle.com/mugs/nhl/latest/8482516.png,27,2,1,3,3,10,16
8479368,Max Jones,NHL,NHL,L,#38bdf8,https://assets.nhle.com/mugs/nhl/latest/8479368.png,12,2,1,3,0,7,16
8481609,Vladislav Kolyachonok,NHL,NHL,D,#38bdf8,https://assets.nhle.com/mugs/nhl/latest/8481609.png,13,1,2,3,2,4,12
8482072,Jack Ahcan,NHL,NHL,D,#38bdf8,https://assets.nhle.com/mugs/nhl/latest/8482072.png,9,0,2,2,3,0,5
8483447,Conor Geekie,NHL,NHL,C,#38bdf8,https://assets.nhle.com/mugs/nhl/latest/8483447.png,11,0,2,2,-2,6,8
8481732,Andre Lee,NHL,NHL,L,#38bdf8,https://assets.nhle.com/mugs/nhl/latest/8481732.png,7,1,1,2,-2,0,5
8481161,Jake Christiansen,NHL,NHL,D,#38bdf8,https://assets.nhle.com/mugs/nhl/latest/8481161.png,35,0,2,2,-7,6,24
8474612,Travis Hamonic,NHL,NHL,D,#38bdf8,https://assets.nhle.com/mugs/nhl/latest/8474612.png,25,0,2,2,-10,29,19
8481028,Martin Pospisil,NHL,NHL,C,#38bdf8,https://assets.nhle.com/mugs/nhl/latest/8481028.png,15,1,1,2,-3,15,16
8482993,Avery Hayes,NHL,NHL,R,#38bdf8,https://assets.nhle.com/mugs/nhl/latest/8482993.png,11,2,0,2,-6,12,19
8481070,Hugh McGing,NHL,NHL,L,#38bdf8,https://assets.nhle.com/mugs/nhl/latest/8481070.png,3,1,1,2,0,0,4
8480876,Curtis Douglas,NHL,NHL,C,#38bdf8,https://assets.nhle.com/mugs/nhl/latest/8480876.png,33,0,2,2,-1,94,19
8475752,Tyler Pitlick,NHL,NHL,C,#38bdf8,https://assets.nhle.com/mugs/nhl/latest/8475752.png,32,2,0,2,-4,24,26
8479293,Brandon Tanev,NHL,NHL,L,#38bdf8,https://assets.nhle.com/mugs/nhl/latest/8479293.png,46,0,2,2,-14,33,32
8480891,Michael Kesselring,NHL,NHL,D,#38bdf8,https://assets.nhle.com/mugs/nhl/latest/8480891.png,32,0,2,2,-3,50,43
8475690,Chris Tanev,NHL,NHL,D,#38bdf8,https://assets.nhle.com/mugs/nhl/latest/8475690.png,11,0,2,2,8,0,8
8480887,Jordan Harris,NHL,NHL,D,#38bdf8,https://assets.nhle.com/mugs/nhl/latest/8480887.png,6,1,1,2,-1,0,10
8482877,Jaroslav Chmelar,NHL,NHL,R,#38bdf8,https://assets.nhle.com/mugs/nhl/latest/8482877.png,15,2,0,2,-3,7,10
8480245,Olle Lycksell,NHL,NHL,R,#38bdf8,https://assets.nhle.com/mugs/nhl/latest/8480245.png,7,1,1,2,-2,0,7
8480259,Ben Jones,NHL,NHL,C,#38bdf8,https://assets.nhle.com/mugs/nhl/latest/8480259.png,26,1,1,2,-10,0,25
8479942,Dominik Shine,NHL,NHL,R,#38bdf8,https://assets.nhle.com/mugs/nhl/latest/8479942.png,11,2,0,2,-1,7,8
8484203,Bradly Nadeau,NHL,NHL,L,#38bdf8,https://assets.nhle.com/mugs/nhl/latest/8484203.png,8,2,0,2,-2,0,8
8478043,Sam Lafferty,NHL,NHL,C,#38bdf8,https://assets.nhle.com/mugs/nhl/latest/8478043.png,24,1,1,2,0,14,6
8477938,Haydn Fleury,NHL,NHL,D,#38bdf8,https://assets.nhle.com/mugs/nhl/latest/8477938.png,28,1,1,2,-15,6,21
8479402,Jake Bean,NHL,NHL,D,#38bdf8,https://assets.nhle.com/mugs/nhl/latest/8479402.png,16,1,1,2,-7,16,16
8484150,Hunter Brzustewicz,NHL,NHL,D,#38bdf8,https://assets.nhle.com/mugs/nhl/latest/8484150.png,22,1,1,2,-2,2,23
8477993,Justin Kirkland,NHL,NHL,C,#38bdf8,https://assets.nhle.com/mugs/nhl/latest/8477993.png,20,1,1,2,1,2,11
8484428,Charles Alexis Legault,NHL,NHL,D,#38bdf8,https://assets.nhle.com/mugs/nhl/latest/8484428.png,8,1,1,2,4,10,10
8482964,Arber Xhekaj,NHL,NHL,D,#38bdf8,https://assets.nhle.com/mugs/nhl/latest/8482964.png,55,1,1,2,-6,108,36
8474090,Brendan Smith,NHL,NHL,D,#38bdf8,https://assets.nhle.com/mugs/nhl/latest/8474090.png,15,0,2,2,-1,11,10
8479026,Philippe Myers,NHL,NHL,D,#38bdf8,https://assets.nhle.com/mugs/nhl/latest/8479026.png,35,0,2,2,-9,18,37
8477996,Juho Lammikko,NHL,NHL,C,#38bdf8,https://assets.nhle.com/mugs/nhl/latest/8477996.png,24,0,2,2,-4,4,15
8483728,Jared Davidson,NHL,NHL,C,#38bdf8,https://assets.nhle.com/mugs/nhl/latest/8483728.png,10,0,1,1,-4,10,9
8475718,Justin Holl,NHL,NHL,D,#38bdf8,https://assets.nhle.com/mugs/nhl/latest/8475718.png,4,0,1,1,3,4,2
8484135,Parker Ford,NHL,NHL,C,#38bdf8,https://assets.nhle.com/mugs/nhl/latest/8484135.png,11,0,1,1,-2,4,7
8482118,Sam Colangelo,NHL,NHL,R,#38bdf8,https://assets.nhle.com/mugs/nhl/latest/8482118.png,9,1,0,1,-3,4,7
8477320,Anton Blidh,NHL,NHL,L,#38bdf8,https://assets.nhle.com/mugs/nhl/latest/8477320.png,4,0,1,1,1,0,4
8483699,Angus Booth,NHL,NHL,D,#38bdf8,https://assets.nhle.com/mugs/nhl/latest/8483699.png,1,1,0,1,1,0,1
8483452,Hunter Haight,NHL,NHL,C,#38bdf8,https://assets.nhle.com/mugs/nhl/latest/8483452.png,7,0,1,1,-3,0,8
8481014,Alexander Romanov,NHL,NHL,D,#38bdf8,https://assets.nhle.com/mugs/nhl/latest/8481014.png,15,0,1,1,-7,6,17
8482785,Justin Robidas,NHL,NHL,C,#38bdf8,https://assets.nhle.com/mugs/nhl/latest/8482785.png,2,0,1,1,0,0,2
8479718,Alex Barré-Boulet,NHL,NHL,C,#38bdf8,https://assets.nhle.com/mugs/nhl/latest/8479718.png,1,0,1,1,0,0,0
8481560,Arthur Kaliyev,NHL,NHL,R,#38bdf8,https://assets.nhle.com/mugs/nhl/latest/8481560.png,2,0,1,1,0,0,4
8479533,Joona Koppanen,NHL,NHL,L,#38bdf8,https://assets.nhle.com/mugs/nhl/latest/8479533.png,10,0,1,1,-1,2,6
8480007,Jonas Rondbjerg,NHL,NHL,R,#38bdf8,https://assets.nhle.com/mugs/nhl/latest/8480007.png,4,0,1,1,-2,0,6
8484938,Arttu Hyry,NHL,NHL,R,#38bdf8,https://assets.nhle.com/mugs/nhl/latest/8484938.png,8,0,1,1,1,0,10
8483039,Tristen Nielsen,NHL,NHL,C,#38bdf8,https://assets.nhle.com/mugs/nhl/latest/8483039.png,4,0,1,1,1,0,3
8481577,Philip Tomasino,NHL,NHL,R,#38bdf8,https://assets.nhle.com/mugs/nhl/latest/8481577.png,9,0,1,1,-2,0,9
8484529,Connor Clattenburg,NHL,NHL,C,#38bdf8,https://assets.nhle.com/mugs/nhl/latest/8484529.png,5,1,0,1,1,13,3
8478502,Dennis Gilbert,NHL,NHL,D,#38bdf8,https://assets.nhle.com/mugs/nhl/latest/8478502.png,6,0,1,1,0,2,2
8482168,Maxim Groshev,NHL,NHL,D,#38bdf8,https://assets.nhle.com/mugs/nhl/latest/8482168.png,2,0,1,1,1,0,1
8481599,Victor Soderstrom,NHL,NHL,D,#38bdf8,https://assets.nhle.com/mugs/nhl/latest/8481599.png,8,0,1,1,3,0,8
8483756,Jared Wright,NHL,NHL,R,#38bdf8,https://assets.nhle.com/mugs/nhl/latest/8483756.png,10,0,1,1,1,0,14
8479395,Dennis Cholowski,NHL,NHL,D,#38bdf8,https://assets.nhle.com/mugs/nhl/latest/8479395.png,15,0,1,1,-5,2,10
8484794,Michael Brandsegg-Nygård,NHL,NHL,R,#38bdf8,https://assets.nhle.com/mugs/nhl/latest/8484794.png,12,0,1,1,-5,2,17
8482206,Ethan Cardwell,NHL,NHL,R,#38bdf8,https://assets.nhle.com/mugs/nhl/latest/8482206.png,7,1,0,1,-3,2,6
8482747,Brennan Othmann,NHL,NHL,L,#38bdf8,https://assets.nhle.com/mugs/nhl/latest/8482747.png,17,1,0,1,-4,11,13
8482451,Mikael Pyyhtia,NHL,NHL,L,#38bdf8,https://assets.nhle.com/mugs/nhl/latest/8482451.png,5,1,0,1,-1,0,6
8485405,Brady Martin,NHL,NHL,C,#38bdf8,https://assets.nhle.com/mugs/nhl/latest/8485405.png,3,0,1,1,0,0,2
8483505,Matthew Poitras,NHL,NHL,C,#38bdf8,https://assets.nhle.com/mugs/nhl/latest/8483505.png,3,1,0,1,1,4,8
8476952,Dominic Toninato,NHL,NHL,C,#38bdf8,https://assets.nhle.com/mugs/nhl/latest/8476952.png,6,0,1,1,1,6,6
8476525,Colin Miller,NHL,NHL,D,#38bdf8,https://assets.nhle.com/mugs/nhl/latest/8476525.png,15,0,1,1,-8,6,16
8479291,Kevin Rooney,NHL,NHL,C,#38bdf8,https://assets.nhle.com/mugs/nhl/latest/8479291.png,1,1,0,1,1,0,1
8482641,Matt Kiersted,NHL,NHL,D,#38bdf8,https://assets.nhle.com/mugs/nhl/latest/8482641.png,4,0,1,1,-1,0,4
8479339,Patrik Laine,NHL,NHL,L,#38bdf8,https://assets.nhle.com/mugs/nhl/latest/8479339.png,5,0,1,1,-3,2,6
8480871,Adam Boqvist,NHL,NHL,D,#38bdf8,https://assets.nhle.com/mugs/nhl/latest/8480871.png,21,0,1,1,-4,6,8
8483432,Luca Del Bel Belluz,NHL,NHL,C,#38bdf8,https://assets.nhle.com/mugs/nhl/latest/8483432.png,13,0,1,1,-2,4,11
8477931,Tomas Nosek,NHL,NHL,L,#38bdf8,https://assets.nhle.com/mugs/nhl/latest/8477931.png,9,0,1,1,-2,2,1
8483466,Kevin Korchinski,NHL,NHL,D,#38bdf8,https://assets.nhle.com/mugs/nhl/latest/8483466.png,4,0,1,1,-1,2,3
8480825,Patrick Giles,NHL,NHL,R,#38bdf8,https://assets.nhle.com/mugs/nhl/latest/8480825.png,3,0,1,1,1,0,2
8483930,Ivan Ivan,NHL,NHL,C,#38bdf8,https://assets.nhle.com/mugs/nhl/latest/8483930.png,9,0,1,1,1,2,4
8478062,Dysin Mayo,NHL,NHL,D,#38bdf8,https://assets.nhle.com/mugs/nhl/latest/8478062.png,3,0,1,1,1,0,5
8483472,Maveric Lamoureux,NHL,NHL,D,#38bdf8,https://assets.nhle.com/mugs/nhl/latest/8483472.png,5,0,1,1,4,2,4
8477541,Dakota Mermis,NHL,NHL,D,#38bdf8,https://assets.nhle.com/mugs/nhl/latest/8477541.png,11,1,0,1,-3,11,5
8485511,Quinn Hutson,NHL,NHL,R,#38bdf8,https://assets.nhle.com/mugs/nhl/latest/8485511.png,4,1,0,1,-1,0,3
8484188,Theo Lindstein,NHL,NHL,D,#38bdf8,https://assets.nhle.com/mugs/nhl/latest/8484188.png,6,0,1,1,1,2,6
8478452,Caleb Jones,NHL,NHL,D,#38bdf8,https://assets.nhle.com/mugs/nhl/latest/8478452.png,7,0,1,1,1,0,5
8475235,Nicolas Deslauriers,NHL,NHL,L,#38bdf8,https://assets.nhle.com/mugs/nhl/latest/8475235.png,25,0,1,1,-3,38,13
8484386,Dmitri Simashev,NHL,NHL,D,#38bdf8,https://assets.nhle.com/mugs/nhl/latest/8484386.png,25,0,1,1,-9,18,23
8477979,Nicolas Aube-Kubel,NHL,NHL,R,#38bdf8,https://assets.nhle.com/mugs/nhl/latest/8477979.png,4,0,1,1,1,6,4
8483448,Isaiah George,NHL,NHL,D,#38bdf8,https://assets.nhle.com/mugs/nhl/latest/8483448.png,2,0,1,1,0,0,0
8482153,Brendan Brisson,NHL,NHL,C,#38bdf8,https://assets.nhle.com/mugs/nhl/latest/8482153.png,3,0,1,1,-1,0,2
8484403,Florian Xhekaj,NHL,NHL,L,#38bdf8,https://assets.nhle.com/mugs/nhl/latest/8484403.png,5,0,1,1,-1,7,4
8479362,Riley Tufte,NHL,NHL,L,#38bdf8,https://assets.nhle.com/mugs/nhl/latest/8479362.png,4,1,0,1,-1,0,4
8484839,Harrison Brunicke,NHL,NHL,D,#38bdf8,https://assets.nhle.com/mugs/nhl/latest/8484839.png,9,1,0,1,-4,6,8
8483531,Brian Halonen,NHL,NHL,L,#38bdf8,https://assets.nhle.com/mugs/nhl/latest/8483531.png,9,1,0,1,-1,5,4
8482742,Zachary L'Heureux,NHL,NHL,L,#38bdf8,https://assets.nhle.com/mugs/nhl/latest/8482742.png,12,1,0,1,3,5,9
8477463,Steven Santini,NHL,NHL,D,#38bdf8,https://assets.nhle.com/mugs/nhl/latest/8477463.png,10,0,1,1,1,2,3
8479387,Keaton Middleton,NHL,NHL,D,#38bdf8,https://assets.nhle.com/mugs/nhl/latest/8479387.png,3,0,1,1,-1,4,0
8483424,Owen Beck,NHL,NHL,C,#38bdf8,https://assets.nhle.com/mugs/nhl/latest/8483424.png,15,1,0,1,4,6,11
8484262,Travis Mitchell,NHL,NHL,D,#38bdf8,https://assets.nhle.com/mugs/nhl/latest/8484262.png,9,1,0,1,0,6,4
8477073,Kurtis MacDermid,NHL,NHL,L,#38bdf8,https://assets.nhle.com/mugs/nhl/latest/8477073.png,17,0,1,1,-4,33,2
8484873,Cole Hutson,NHL,NHL,D,#38bdf8,https://assets.nhle.com/mugs/nhl/latest/8484873.png,2,1,0,1,0,0,3
8482460,Matt Rempe,NHL,NHL,C,#38bdf8,https://assets.nhle.com/mugs/nhl/latest/8482460.png,26,1,0,1,-4,11,15
8481065,Angus Crookshank,NHL,NHL,C,#38bdf8,https://assets.nhle.com/mugs/nhl/latest/8481065.png,8,1,0,1,1,4,4
8479644,Matt Luff,NHL,NHL,R,#38bdf8,https://assets.nhle.com/mugs/nhl/latest/8479644.png,5,1,0,1,-2,0,5
8485251,Kai Uchacz,NHL,NHL,C,#38bdf8,https://assets.nhle.com/mugs/nhl/latest/8485251.png,3,0,0,0,-1,5,2
8476988,Matthew Benning,NHL,NHL,D,#38bdf8,https://assets.nhle.com/mugs/nhl/latest/8476988.png,1,0,0,0,0,0,0
8476425,Joseph LaBate,NHL,NHL,C,#38bdf8,https://assets.nhle.com/mugs/nhl/latest/8476425.png,1,0,0,0,-1,0,2
8483675,Kenny Connors,NHL,NHL,C,#38bdf8,https://assets.nhle.com/mugs/nhl/latest/8483675.png,2,0,0,0,-1,0,5
8477419,Mason Geertsen,NHL,NHL,L,#38bdf8,https://assets.nhle.com/mugs/nhl/latest/8477419.png,5,0,0,0,-1,12,1
8475762,Derek Forbort,NHL,NHL,D,#38bdf8,https://assets.nhle.com/mugs/nhl/latest/8475762.png,2,0,0,0,0,2,1
8482804,Ty Murchison,NHL,NHL,D,#38bdf8,https://assets.nhle.com/mugs/nhl/latest/8482804.png,3,0,0,0,1,0,1
8481517,Brett Leason,NHL,NHL,R,#38bdf8,https://assets.nhle.com/mugs/nhl/latest/8481517.png,6,0,0,0,-2,0,1
8482766,William Stromgren,NHL,NHL,L,#38bdf8,https://assets.nhle.com/mugs/nhl/latest/8482766.png,3,0,0,0,-1,0,2
8477401,John Hayden,NHL,NHL,C,#38bdf8,https://assets.nhle.com/mugs/nhl/latest/8477401.png,3,0,0,0,-1,2,2
8481712,Matej Blümel,NHL,NHL,R,#38bdf8,https://assets.nhle.com/mugs/nhl/latest/8481712.png,4,0,0,0,-3,0,4
8481594,Nathan Légaré,NHL,NHL,R,#38bdf8,https://assets.nhle.com/mugs/nhl/latest/8481594.png,1,0,0,0,0,0,0
8481562,Domenick Fensore,NHL,NHL,D,#38bdf8,https://assets.nhle.com/mugs/nhl/latest/8481562.png,1,0,0,0,-2,0,2
8483491,Ivan Miroshnichenko,NHL,NHL,L,#38bdf8,https://assets.nhle.com/mugs/nhl/latest/8483491.png,4,0,0,0,1,2,5
8483460,David Jiricek,NHL,NHL,D,#38bdf8,https://assets.nhle.com/mugs/nhl/latest/8483460.png,25,0,0,0,0,14,15
8482496,Nils Aman,NHL,NHL,C,#38bdf8,https://assets.nhle.com/mugs/nhl/latest/8482496.png,2,0,0,0,0,0,1
8482787,Nikita Chibrikov,NHL,NHL,R,#38bdf8,https://assets.nhle.com/mugs/nhl/latest/8482787.png,8,0,0,0,0,12,5
8482132,Brett Berard,NHL,NHL,L,#38bdf8,https://assets.nhle.com/mugs/nhl/latest/8482132.png,13,0,0,0,-1,6,10
8479941,Justin Danforth,NHL,NHL,R,#38bdf8,https://assets.nhle.com/mugs/nhl/latest/8479941.png,4,0,0,0,-2,2,2
8482162,Roby Jarventie,NHL,NHL,L,#38bdf8,https://assets.nhle.com/mugs/nhl/latest/8482162.png,1,0,0,0,0,0,1
8483567,Georgii Merkulov,NHL,NHL,C,#38bdf8,https://assets.nhle.com/mugs/nhl/latest/8483567.png,1,0,0,0,-1,0,0
8483433,Jack Devine,NHL,NHL,R,#38bdf8,https://assets.nhle.com/mugs/nhl/latest/8483433.png,6,0,0,0,-3,2,6
8485385,Braeden Cootes,NHL,NHL,C,#38bdf8,https://assets.nhle.com/mugs/nhl/latest/8485385.png,3,0,0,0,-2,0,0
8475795,Dylan McIlrath,NHL,NHL,D,#38bdf8,https://assets.nhle.com/mugs/nhl/latest/8475795.png,12,0,0,0,-1,10,4
8474149,Evgenii Dadonov,NHL,NHL,L,#38bdf8,https://assets.nhle.com/mugs/nhl/latest/8474149.png,18,0,0,0,-4,2,16
8483546,Marshall Rifai,NHL,NHL,D,#38bdf8,https://assets.nhle.com/mugs/nhl/latest/8483546.png,1,0,0,0,0,0,1
8478147,Bokondji Imama,NHL,NHL,L,#38bdf8,https://assets.nhle.com/mugs/nhl/latest/8478147.png,2,0,0,0,0,5,2
8481715,Hunter Skinner,NHL,NHL,D,#38bdf8,https://assets.nhle.com/mugs/nhl/latest/8481715.png,1,0,0,0,1,0,0
8480874,Adam Ginning,NHL,NHL,D,#38bdf8,https://assets.nhle.com/mugs/nhl/latest/8480874.png,5,0,0,0,0,0,2
8479543,Michael Pezzetta,NHL,NHL,L,#38bdf8,https://assets.nhle.com/mugs/nhl/latest/8479543.png,2,0,0,0,-1,9,1
8477034,Jaycob Megna,NHL,NHL,D,#38bdf8,https://assets.nhle.com/mugs/nhl/latest/8477034.png,4,0,0,0,-5,2,1
8481848,Jacob Gaucher,NHL,NHL,C,#38bdf8,https://assets.nhle.com/mugs/nhl/latest/8481848.png,3,0,0,0,-1,0,3
8479421,Jacob Moverare,NHL,NHL,D,#38bdf8,https://assets.nhle.com/mugs/nhl/latest/8479421.png,15,0,0,0,-4,0,7
8483465,Joakim Kemell,NHL,NHL,R,#38bdf8,https://assets.nhle.com/mugs/nhl/latest/8483465.png,5,0,0,0,1,0,2
8482698,Tristan Broz,NHL,NHL,C,#38bdf8,https://assets.nhle.com/mugs/nhl/latest/8482698.png,1,0,0,0,-1,0,2
8484821,Sam Morton,NHL,NHL,C,#38bdf8,https://assets.nhle.com/mugs/nhl/latest/8484821.png,3,0,0,0,-1,10,3
8482781,Carson Lambos,NHL,NHL,D,#38bdf8,https://assets.nhle.com/mugs/nhl/latest/8482781.png,1,0,0,0,1,0,1
8478211,Dryden Hunt,NHL,NHL,L,#38bdf8,https://assets.nhle.com/mugs/nhl/latest/8478211.png,3,0,0,0,-3,2,4
8483503,Owen Pickering,NHL,NHL,D,#38bdf8,https://assets.nhle.com/mugs/nhl/latest/8483503.png,4,0,0,0,-3,2,1
8483526,Danil Zhilkin,NHL,NHL,C,#38bdf8,https://assets.nhle.com/mugs/nhl/latest/8483526.png,4,0,0,0,2,0,2
8476979,Erik Gustafsson,NHL,NHL,D,#38bdf8,https://assets.nhle.com/mugs/nhl/latest/8476979.png,2,0,0,0,-2,2,3
8482624,Daniil Miromanov,NHL,NHL,D,#38bdf8,https://assets.nhle.com/mugs/nhl/latest/8482624.png,1,0,0,0,0,0,0
8477971,Andreas Englund,NHL,NHL,D,#38bdf8,https://assets.nhle.com/mugs/nhl/latest/8477971.png,3,0,0,0,-1,2,2
8482479,Trevor Kuntar,NHL,NHL,C,#38bdf8,https://assets.nhle.com/mugs/nhl/latest/8482479.png,1,0,0,0,-1,0,0
8480828,Michael Callahan,NHL,NHL,D,#38bdf8,https://assets.nhle.com/mugs/nhl/latest/8480828.png,5,0,0,0,-1,0,3
8482807,Ethan Del Mastro,NHL,NHL,D,#38bdf8,https://assets.nhle.com/mugs/nhl/latest/8482807.png,8,0,0,0,-5,14,6
8484779,Jett Luchanko,NHL,NHL,C,#38bdf8,https://assets.nhle.com/mugs/nhl/latest/8484779.png,4,0,0,0,-3,2,1
8479772,Zack MacEwen,NHL,NHL,R,#38bdf8,https://assets.nhle.com/mugs/nhl/latest/8479772.png,3,0,0,0,0,0,4
8481567,Henry Thrun,NHL,NHL,D,#38bdf8,https://assets.nhle.com/mugs/nhl/latest/8481567.png,4,0,0,0,-1,0,4
8481518,Nolan Foote,NHL,NHL,L,#38bdf8,https://assets.nhle.com/mugs/nhl/latest/8481518.png,2,0,0,0,-2,2,5
8483463,Aleksanteri Kaskimaki,NHL,NHL,C,#38bdf8,https://assets.nhle.com/mugs/nhl/latest/8483463.png,5,0,0,0,-6,0,6
8475413,Justin Dowling,NHL,NHL,C,#38bdf8,https://assets.nhle.com/mugs/nhl/latest/8475413.png,2,0,0,0,-1,0,1
8481591,Samuel Poulin,NHL,NHL,R,#38bdf8,https://assets.nhle.com/mugs/nhl/latest/8481591.png,2,0,0,0,-2,0,1
8483841,Xavier Parent,NHL,NHL,C,#38bdf8,https://assets.nhle.com/mugs/nhl/latest/8483841.png,5,0,0,0,-1,2,2
8482652,Walker Duehr,NHL,NHL,R,#38bdf8,https://assets.nhle.com/mugs/nhl/latest/8482652.png,3,0,0,0,-1,0,2
8475179,Dmitry Kulikov,NHL,NHL,D,#38bdf8,https://assets.nhle.com/mugs/nhl/latest/8475179.png,12,0,0,0,-3,4,7
8482192,Isaak Phillips,NHL,NHL,D,#38bdf8,https://assets.nhle.com/mugs/nhl/latest/8482192.png,3,0,0,0,0,2,3
8480021,Jack Studnicka,NHL,NHL,C,#38bdf8,https://assets.nhle.com/mugs/nhl/latest/8480021.png,18,0,0,0,-6,4,16
8484287,Cole McWard,NHL,NHL,D,#38bdf8,https://assets.nhle.com/mugs/nhl/latest/8484287.png,3,0,0,0,1,0,1
8481564,Ryan Johnson,NHL,NHL,D,#38bdf8,https://assets.nhle.com/mugs/nhl/latest/8481564.png,3,0,0,0,0,2,0
8479639,Dylan Coghlan,NHL,NHL,D,#38bdf8,https://assets.nhle.com/mugs/nhl/latest/8479639.png,3,0,0,0,1,2,2
8484255,Jason Polin,NHL,NHL,R,#38bdf8,https://assets.nhle.com/mugs/nhl/latest/8484255.png,3,0,0,0,1,0,0
8483429,Seamus Casey,NHL,NHL,D,#38bdf8,https://assets.nhle.com/mugs/nhl/latest/8483429.png,2,0,0,0,-3,0,4
8479388,Riley Stillman,NHL,NHL,D,#38bdf8,https://assets.nhle.com/mugs/nhl/latest/8479388.png,4,0,0,0,1,0,1
8482067,Connor Mackey,NHL,NHL,D,#38bdf8,https://assets.nhle.com/mugs/nhl/latest/8482067.png,1,0,0,0,-2,2,0
8481547,Simon Lundmark,NHL,NHL,D,#38bdf8,https://assets.nhle.com/mugs/nhl/latest/8481547.png,1,0,0,0,1,0,1
8481592,Jakob Pelletier,NHL,NHL,L,#38bdf8,https://assets.nhle.com/mugs/nhl/latest/8481592.png,2,0,0,0,0,0,0
8481572,Ville Heinola,NHL,NHL,D,#38bdf8,https://assets.nhle.com/mugs/nhl/latest/8481572.png,3,0,0,0,0,0,5
8482209,Rory Kerins,NHL,NHL,C,#38bdf8,https://assets.nhle.com/mugs/nhl/latest/8482209.png,2,0,0,0,-1,0,1
8482941,Shane Lachance,NHL,NHL,L,#38bdf8,https://assets.nhle.com/mugs/nhl/latest/8482941.png,1,0,0,0,0,0,0
8475461,Andrew Agozzino,NHL,NHL,L,#38bdf8,https://assets.nhle.com/mugs/nhl/latest/8475461.png,2,0,0,0,0,0,0
8483686,Adam Engstrom,NHL,NHL,D,#38bdf8,https://assets.nhle.com/mugs/nhl/latest/8483686.png,11,0,0,0,3,6,7
8481534,Raphael Lavoie,NHL,NHL,C,#38bdf8,https://assets.nhle.com/mugs/nhl/latest/8481534.png,1,0,0,0,0,0,0
8484933,Mikulas Hovorka,NHL,NHL,D,#38bdf8,https://assets.nhle.com/mugs/nhl/latest/8484933.png,1,0,0,0,-3,0,0
8479383,Boris Katchouk,NHL,NHL,L,#38bdf8,https://assets.nhle.com/mugs/nhl/latest/8479383.png,3,0,0,0,0,0,0
8484901,Jacob Quillan,NHL,NHL,C,#38bdf8,https://assets.nhle.com/mugs/nhl/latest/8484901.png,13,0,0,0,-3,2,7
8478967,Lane Pederson,NHL,NHL,C,#38bdf8,https://assets.nhle.com/mugs/nhl/latest/8478967.png,5,0,0,0,0,0,0
8478173,Hayden Hodgson,NHL,NHL,R,#38bdf8,https://assets.nhle.com/mugs/nhl/latest/8478173.png,9,0,0,0,-1,11,3
8482749,Joshua Roy,NHL,NHL,R,#38bdf8,https://assets.nhle.com/mugs/nhl/latest/8482749.png,3,0,0,0,0,2,2
8480326,Sheldon Dries,NHL,NHL,C,#38bdf8,https://assets.nhle.com/mugs/nhl/latest/8480326.png,5,0,0,0,0,0,2
8482953,Taylor Makar,NHL,NHL,L,#38bdf8,https://assets.nhle.com/mugs/nhl/latest/8482953.png,12,0,0,0,0,4,7
8483766,David Spacek,NHL,NHL,D,#38bdf8,https://assets.nhle.com/mugs/nhl/latest/8483766.png,2,0,0,0,-1,0,0
8482167,Bogdan Trineyev,NHL,NHL,R,#38bdf8,https://assets.nhle.com/mugs/nhl/latest/8482167.png,2,0,0,0,0,0,1
8484214,Luca Pinelli,NHL,NHL,C,#38bdf8,https://assets.nhle.com/mugs/nhl/latest/8484214.png,3,0,0,0,-1,0,6
8475253,Garrett Wilson,NHL,NHL,L,#38bdf8,https://assets.nhle.com/mugs/nhl/latest/8475253.png,2,0,0,0,-1,5,2
8476391,T.J. Tynan,NHL,NHL,C,#38bdf8,https://assets.nhle.com/mugs/nhl/latest/8476391.png,1,0,0,0,1,0,1
8483768,Victor Mancini,NHL,NHL,D,#38bdf8,https://assets.nhle.com/mugs/nhl/latest/8483768.png,19,0,0,0,-11,5,8
8482070,Mitchell Chaffee,NHL,NHL,R,#38bdf8,https://assets.nhle.com/mugs/nhl/latest/8482070.png,7,0,0,0,0,4,8
8482673,Xavier Bourgault,NHL,NHL,R,#38bdf8,https://assets.nhle.com/mugs/nhl/latest/8482673.png,2,0,0,0,-1,0,3
