id,name,abbr,color,photo,gp,g,a,pts,plusMinus
8476453,Nikita Kucherov,NHL,#333,https://assets.nhle.com/mugs/nhl/latest/8476453.png,64,40,78,118,44
8478402,Connor McDavid,NHL,#333,https://assets.nhle.com/mugs/nhl/latest/8478402.png,71,38,78,116,8
8477492,Nathan MacKinnon,NHL,#333,https://assets.nhle.com/mugs/nhl/latest/8477492.png,67,45,69,114,57
8477934,Leon Draisaitl,NHL,#333,https://assets.nhle.com/mugs/nhl/latest/8477934.png,65,35,62,97,13
8484801,Macklin Celebrini,NHL,#333,https://assets.nhle.com/mugs/nhl/latest/8484801.png,68,35,61,96,3
8477956,David Pastrnak,NHL,#333,https://assets.nhle.com/mugs/nhl/latest/8477956.png,65,28,58,86,1
8480018,Nick Suzuki,NHL,#333,https://assets.nhle.com/mugs/nhl/latest/8480018.png,69,24,61,85,27
8480039,Martin Necas,NHL,#333,https://assets.nhle.com/mugs/nhl/latest/8480039.png,65,32,52,84,44
8476460,Mark Scheifele,NHL,#333,https://assets.nhle.com/mugs/nhl/latest/8476460.png,69,31,52,83,0
8480027,Jason Robertson,NHL,#333,https://assets.nhle.com/mugs/nhl/latest/8480027.png,69,38,44,82,22
8478864,Kirill Kaprizov,NHL,#333,https://assets.nhle.com/mugs/nhl/latest/8478864.png,69,38,42,80,8
8480803,Evan Bouchard,NHL,#333,https://assets.nhle.com/mugs/nhl/latest/8480803.png,71,19,60,79,15
8478398,Kyle Connor,NHL,#333,https://assets.nhle.com/mugs/nhl/latest/8478398.png,69,31,47,78,-2
8481557,Matt Boldy,NHL,#333,https://assets.nhle.com/mugs/nhl/latest/8481557.png,67,38,37,75,16
8478460,Zach Werenski,NHL,#333,https://assets.nhle.com/mugs/nhl/latest/8478460.png,62,20,55,75,11
8478403,Jack Eichel,NHL,#333,https://assets.nhle.com/mugs/nhl/latest/8478403.png,62,24,50,74,9
8482740,Wyatt Johnston,NHL,#333,https://assets.nhle.com/mugs/nhl/latest/8482740.png,69,37,37,74,-1
8481540,Cole Caufield,NHL,#333,https://assets.nhle.com/mugs/nhl/latest/8481540.png,68,43,31,74,21
8478550,Artemi Panarin,NHL,#333,https://assets.nhle.com/mugs/nhl/latest/8478550.png,65,24,49,73,-11
8479337,Alex DeBrincat,NHL,#333,https://assets.nhle.com/mugs/nhl/latest/8479337.png,70,35,38,73,7
8479420,Tage Thompson,NHL,#333,https://assets.nhle.com/mugs/nhl/latest/8479420.png,70,36,36,72,-4
8482116,Tim Stützle,NHL,#333,https://assets.nhle.com/mugs/nhl/latest/8482116.png,69,32,40,72,7
8477404,Jake Guentzel,NHL,#333,https://assets.nhle.com/mugs/nhl/latest/8477404.png,68,31,41,72,10
8478427,Sebastian Aho,NHL,#333,https://assets.nhle.com/mugs/nhl/latest/8478427.png,69,24,47,71,9
8480069,Cale Makar,NHL,#333,https://assets.nhle.com/mugs/nhl/latest/8480069.png,68,20,50,70,32
8478420,Mikko Rantanen,NHL,#333,https://assets.nhle.com/mugs/nhl/latest/8478420.png,54,20,49,69,2
8480800,Quinn Hughes,NHL,#333,https://assets.nhle.com/mugs/nhl/latest/8480800.png,65,6,63,69,-2
8483457,Lane Hutson,NHL,#333,https://assets.nhle.com/mugs/nhl/latest/8483457.png,69,11,58,69,26
8478483,Mitch Marner,NHL,#333,https://assets.nhle.com/mugs/nhl/latest/8478483.png,69,19,50,69,14
8482078,Lucas Raymond,NHL,#333,https://assets.nhle.com/mugs/nhl/latest/8482078.png,68,22,46,68,10
8479542,Brandon Hagel,NHL,#333,https://assets.nhle.com/mugs/nhl/latest/8479542.png,63,32,35,67,35
8479343,Clayton Keller,NHL,#333,https://assets.nhle.com/mugs/nhl/latest/8479343.png,70,22,45,67,22
8476459,Mika Zibanejad,NHL,#333,https://assets.nhle.com/mugs/nhl/latest/8476459.png,68,29,37,66,-21
8477939,William Nylander,NHL,#333,https://assets.nhle.com/mugs/nhl/latest/8477939.png,54,24,41,65,-5
8484144,Connor Bedard,NHL,#333,https://assets.nhle.com/mugs/nhl/latest/8484144.png,56,28,37,65,-2
8475158,Ryan O'Reilly,NHL,#333,https://assets.nhle.com/mugs/nhl/latest/8475158.png,68,24,40,64,7
8478445,Mathew Barzal,NHL,#333,https://assets.nhle.com/mugs/nhl/latest/8478445.png,69,18,46,64,14
8480839,Rasmus Dahlin,NHL,#333,https://assets.nhle.com/mugs/nhl/latest/8480839.png,66,15,48,63,13
8471675,Sidney Crosby,NHL,#333,https://assets.nhle.com/mugs/nhl/latest/8471675.png,58,28,34,62,0
8475913,Mark Stone,NHL,#333,https://assets.nhle.com/mugs/nhl/latest/8475913.png,48,21,41,62,13
8483445,Cutter Gauthier,NHL,#333,https://assets.nhle.com/mugs/nhl/latest/8483445.png,68,36,26,62,1
8480208,Drake Batherson,NHL,#333,https://assets.nhle.com/mugs/nhl/latest/8480208.png,66,27,34,61,-4
8483515,Juraj Slafkovský,NHL,#333,https://assets.nhle.com/mugs/nhl/latest/8483515.png,69,27,34,61,5
8479987,Morgan Geekie,NHL,#333,https://assets.nhle.com/mugs/nhl/latest/8479987.png,69,34,27,61,-5
8477933,Sam Reinhart,NHL,#333,https://assets.nhle.com/mugs/nhl/latest/8477933.png,64,29,32,61,-18
8477951,Nick Schmaltz,NHL,#333,https://assets.nhle.com/mugs/nhl/latest/8477951.png,70,24,37,61,22
8478439,Travis Konecny,NHL,#333,https://assets.nhle.com/mugs/nhl/latest/8478439.png,65,25,35,60,12
8478178,Darren Raddysh,NHL,#333,https://assets.nhle.com/mugs/nhl/latest/8478178.png,61,18,42,60,24
8480830,Andrei Svechnikov,NHL,#333,https://assets.nhle.com/mugs/nhl/latest/8480830.png,69,25,34,59,1
8476887,Filip Forsberg,NHL,#333,https://assets.nhle.com/mugs/nhl/latest/8476887.png,69,30,29,59,-5
8482699,Dylan Guenther,NHL,#333,https://assets.nhle.com/mugs/nhl/latest/8482699.png,68,34,25,59,6
8477960,Adrian Kempe,NHL,#333,https://assets.nhle.com/mugs/nhl/latest/8477960.png,68,26,33,59,8
8477949,Alex Tuch,NHL,#333,https://assets.nhle.com/mugs/nhl/latest/8477949.png,67,28,30,58,19
8480036,Miro Heiskanen,NHL,#333,https://assets.nhle.com/mugs/nhl/latest/8480036.png,67,9,49,58,16
8480893,Kirill Marchenko,NHL,#333,https://assets.nhle.com/mugs/nhl/latest/8480893.png,63,25,33,58,5
8482720,Matthew Knies,NHL,#333,https://assets.nhle.com/mugs/nhl/latest/8482720.png,68,18,39,57,-19
8481604,Pavel Dorofeyev,NHL,#333,https://assets.nhle.com/mugs/nhl/latest/8481604.png,70,34,23,57,-3
8475166,John Tavares,NHL,#333,https://assets.nhle.com/mugs/nhl/latest/8475166.png,71,25,32,57,-26
8480014,Gabriel Vilardi,NHL,#333,https://assets.nhle.com/mugs/nhl/latest/8480014.png,69,26,30,56,-8
8475810,Bryan Rust,NHL,#333,https://assets.nhle.com/mugs/nhl/latest/8475810.png,62,26,30,56,5
8475754,Brock Nelson,NHL,#333,https://assets.nhle.com/mugs/nhl/latest/8475754.png,68,31,25,56,10
8477940,Nikolaj Ehlers,NHL,#333,https://assets.nhle.com/mugs/nhl/latest/8477940.png,69,20,36,56,6
8482093,Seth Jarvis,NHL,#333,https://assets.nhle.com/mugs/nhl/latest/8482093.png,61,28,28,56,6
8484153,Leo Carlsson,NHL,#333,https://assets.nhle.com/mugs/nhl/latest/8484153.png,57,24,32,56,2
8481533,Trevor Zegras,NHL,#333,https://assets.nhle.com/mugs/nhl/latest/8481533.png,69,22,33,55,-2
8481559,Jack Hughes,NHL,#333,https://assets.nhle.com/mugs/nhl/latest/8481559.png,48,18,37,55,-3
8474564,Steven Stamkos,NHL,#333,https://assets.nhle.com/mugs/nhl/latest/8474564.png,69,33,22,55,-21
8475745,Charlie Coyle,NHL,#333,https://assets.nhle.com/mugs/nhl/latest/8475745.png,69,17,38,55,11
8477946,Dylan Larkin,NHL,#333,https://assets.nhle.com/mugs/nhl/latest/8477946.png,63,28,27,55,7
8479407,Jesper Bratt,NHL,#333,https://assets.nhle.com/mugs/nhl/latest/8479407.png,69,17,38,55,-16
8473419,Brad Marchand,NHL,#333,https://assets.nhle.com/mugs/nhl/latest/8473419.png,52,27,27,54,-16
8476881,Tomas Hertl,NHL,#333,https://assets.nhle.com/mugs/nhl/latest/8476881.png,70,24,30,54,-14
8474578,Erik Karlsson,NHL,#333,https://assets.nhle.com/mugs/nhl/latest/8474578.png,64,11,43,54,14
8477935,Sam Bennett,NHL,#333,https://assets.nhle.com/mugs/nhl/latest/8477935.png,68,25,28,53,-9
8477511,Anthony Mantha,NHL,#333,https://assets.nhle.com/mugs/nhl/latest/8477511.png,69,26,27,53,14
8479325,Charlie McAvoy,NHL,#333,https://assets.nhle.com/mugs/nhl/latest/8479325.png,58,9,44,53,8
8479318,Auston Matthews,NHL,#333,https://assets.nhle.com/mugs/nhl/latest/8479318.png,60,27,26,53,-4
8484166,Adam Fantilli,NHL,#333,https://assets.nhle.com/mugs/nhl/latest/8484166.png,69,21,31,52,-10
8484762,Beckett Sennecke,NHL,#333,https://assets.nhle.com/mugs/nhl/latest/8484762.png,69,20,32,52,-14
8471215,Evgeni Malkin,NHL,#333,https://assets.nhle.com/mugs/nhl/latest/8471215.png,49,15,37,52,14
8471214,Alex Ovechkin,NHL,#333,https://assets.nhle.com/mugs/nhl/latest/8471214.png,70,25,27,52,-3
8476880,Tom Wilson,NHL,#333,https://assets.nhle.com/mugs/nhl/latest/8476880.png,60,25,27,52,15
8480002,Nico Hischier,NHL,#333,https://assets.nhle.com/mugs/nhl/latest/8480002.png,69,24,28,52,-11
8484984,Ivan Demidov,NHL,#333,https://assets.nhle.com/mugs/nhl/latest/8484984.png,69,14,38,52,3
8478401,Pavel Zacha,NHL,#333,https://assets.nhle.com/mugs/nhl/latest/8478401.png,67,23,28,51,-1
8485366,Matthew Schaefer,NHL,#333,https://assets.nhle.com/mugs/nhl/latest/8485366.png,70,22,29,51,14
8476454,Ryan Nugent-Hopkins,NHL,#333,https://assets.nhle.com/mugs/nhl/latest/8476454.png,61,18,33,51,-13
8481528,Dylan Cozens,NHL,#333,https://assets.nhle.com/mugs/nhl/latest/8481528.png,69,24,27,51,-9
8479345,Jakob Chychrun,NHL,#333,https://assets.nhle.com/mugs/nhl/latest/8479345.png,68,23,28,51,15
8478440,Dylan Strome,NHL,#333,https://assets.nhle.com/mugs/nhl/latest/8478440.png,68,16,34,50,3
8477409,Carter Verhaeghe,NHL,#333,https://assets.nhle.com/mugs/nhl/latest/8477409.png,67,20,29,49,-11
8478873,Troy Terry,NHL,#333,https://assets.nhle.com/mugs/nhl/latest/8478873.png,49,14,35,49,11
8480802,Ryan McLeod,NHL,#333,https://assets.nhle.com/mugs/nhl/latest/8480802.png,70,12,37,49,28
8474586,Jordan Eberle,NHL,#333,https://assets.nhle.com/mugs/nhl/latest/8474586.png,67,22,27,49,6
8477479,Tyler Bertuzzi,NHL,#333,https://assets.nhle.com/mugs/nhl/latest/8477479.png,66,28,21,49,-21
8477500,Bo Horvat,NHL,#333,https://assets.nhle.com/mugs/nhl/latest/8477500.png,56,28,21,49,10
8478519,Anthony Cirelli,NHL,#333,https://assets.nhle.com/mugs/nhl/latest/8478519.png,60,19,29,48,32
8477964,Ivan Barbashev,NHL,#333,https://assets.nhle.com/mugs/nhl/latest/8477964.png,70,19,29,48,9
8482146,Luke Evangelista,NHL,#333,https://assets.nhle.com/mugs/nhl/latest/8482146.png,68,9,39,48,5
8476389,Vincent Trocheck,NHL,#333,https://assets.nhle.com/mugs/nhl/latest/8476389.png,54,15,33,48,-16
8482105,Jake Sanderson,NHL,#333,https://assets.nhle.com/mugs/nhl/latest/8482105.png,62,11,37,48,9
8481542,Moritz Seider,NHL,#333,https://assets.nhle.com/mugs/nhl/latest/8481542.png,70,9,39,48,20
8481605,Jackson LaCombe,NHL,#333,https://assets.nhle.com/mugs/nhl/latest/8481605.png,69,8,39,47,0
8480801,Brady Tkachuk,NHL,#333,https://assets.nhle.com/mugs/nhl/latest/8480801.png,49,19,28,47,1
8474590,John Carlson,NHL,#333,https://assets.nhle.com/mugs/nhl/latest/8474590.png,58,10,37,47,13
8482109,Alexis Lafrenière,NHL,#333,https://assets.nhle.com/mugs/nhl/latest/8482109.png,69,20,27,47,-9
8481656,Aliaksei Protas,NHL,#333,https://assets.nhle.com/mugs/nhl/latest/8481656.png,66,23,24,47,18
8482122,Brock Faber,NHL,#333,https://assets.nhle.com/mugs/nhl/latest/8482122.png,71,14,33,47,21
8475786,Zach Hyman,NHL,#333,https://assets.nhle.com/mugs/nhl/latest/8475786.png,52,29,17,46,6
8477504,Josh Morrissey,NHL,#333,https://assets.nhle.com/mugs/nhl/latest/8477504.png,64,12,34,46,6
8480023,Robert Thomas,NHL,#333,https://assets.nhle.com/mugs/nhl/latest/8480023.png,52,16,30,46,13
8482659,Josh Doan,NHL,#333,https://assets.nhle.com/mugs/nhl/latest/8482659.png,70,22,24,46,-6
8474600,Roman Josi,NHL,#333,https://assets.nhle.com/mugs/nhl/latest/8474600.png,57,11,35,46,-18
8480865,Noah Dobson,NHL,#333,https://assets.nhle.com/mugs/nhl/latest/8480865.png,69,12,33,45,11
8478010,Brayden Point,NHL,#333,https://assets.nhle.com/mugs/nhl/latest/8478010.png,50,16,29,45,9
8484227,Will Smith,NHL,#333,https://assets.nhle.com/mugs/nhl/latest/8484227.png,55,19,26,45,-3
8475172,Nazem Kadri,NHL,#333,https://assets.nhle.com/mugs/nhl/latest/8475172.png,68,14,31,45,-25
8479410,Mikhail Sergachev,NHL,#333,https://assets.nhle.com/mugs/nhl/latest/8479410.png,66,10,35,45,3
8482097,Jack Quinn,NHL,#333,https://assets.nhle.com/mugs/nhl/latest/8482097.png,70,16,28,44,8
8477505,Alexander Wennberg,NHL,#333,https://assets.nhle.com/mugs/nhl/latest/8477505.png,67,13,31,44,-24
8478493,Joel Eriksson Ek,NHL,#333,https://assets.nhle.com/mugs/nhl/latest/8478493.png,62,17,27,44,13
8482113,Anton Lundell,NHL,#333,https://assets.nhle.com/mugs/nhl/latest/8482113.png,64,18,26,44,-8
8475726,Tyler Toffoli,NHL,#333,https://assets.nhle.com/mugs/nhl/latest/8475726.png,67,18,26,44,-9
8482665,Matty Beniers,NHL,#333,https://assets.nhle.com/mugs/nhl/latest/8482665.png,69,18,26,44,-5
8478449,Roope Hintz,NHL,#333,https://assets.nhle.com/mugs/nhl/latest/8478449.png,53,15,29,44,16
8476906,Shayne Gostisbehere,NHL,#333,https://assets.nhle.com/mugs/nhl/latest/8476906.png,45,11,32,43,10
8482809,Jackson Blake,NHL,#333,https://assets.nhle.com/mugs/nhl/latest/8482809.png,69,20,23,43,5
8475149,Marcus Johansson,NHL,#333,https://assets.nhle.com/mugs/nhl/latest/8475149.png,64,14,29,43,18
8473512,Claude Giroux,NHL,#333,https://assets.nhle.com/mugs/nhl/latest/8473512.png,69,12,31,43,20
8482175,JJ Peterka,NHL,#333,https://assets.nhle.com/mugs/nhl/latest/8482175.png,70,22,20,42,8
8474141,Patrick Kane,NHL,#333,https://assets.nhle.com/mugs/nhl/latest/8474141.png,55,12,30,42,1
8477496,Elias Lindholm,NHL,#333,https://assets.nhle.com/mugs/nhl/latest/8477496.png,57,13,29,42,-5
8480015,Owen Tippett,NHL,#333,https://assets.nhle.com/mugs/nhl/latest/8480015.png,69,24,18,42,-8
8482667,William Eklund,NHL,#333,https://assets.nhle.com/mugs/nhl/latest/8482667.png,64,12,30,42,-31
8475692,Mats Zuccarello,NHL,#333,https://assets.nhle.com/mugs/nhl/latest/8475692.png,51,13,29,42,-7
8477402,Pavel Buchnevich,NHL,#333,https://assets.nhle.com/mugs/nhl/latest/8477402.png,69,16,26,42,-15
8475184,Chris Kreider,NHL,#333,https://assets.nhle.com/mugs/nhl/latest/8475184.png,63,21,21,42,-2
8477476,Artturi Lehkonen,NHL,#333,https://assets.nhle.com/mugs/nhl/latest/8477476.png,59,19,23,42,31
8480012,Elias Pettersson,NHL,#333,https://assets.nhle.com/mugs/nhl/latest/8480012.png,61,15,26,41,-21
8478407,Vince Dunn,NHL,#333,https://assets.nhle.com/mugs/nhl/latest/8478407.png,68,11,30,41,-24
8477989,Christian Dvorak,NHL,#333,https://assets.nhle.com/mugs/nhl/latest/8477989.png,68,14,27,41,5
8476905,Chandler Stephenson,NHL,#333,https://assets.nhle.com/mugs/nhl/latest/8476905.png,67,14,27,41,-25
8478042,Viktor Arvidsson,NHL,#333,https://assets.nhle.com/mugs/nhl/latest/8478042.png,58,19,22,41,17
8477501,Valeri Nichushkin,NHL,#333,https://assets.nhle.com/mugs/nhl/latest/8477501.png,59,15,25,40,4
8477942,Kevin Fiala,NHL,#333,https://assets.nhle.com/mugs/nhl/latest/8477942.png,56,18,22,40,-11
8484911,Collin Graf,NHL,#333,https://assets.nhle.com/mugs/nhl/latest/8484911.png,67,19,21,40,2
8475765,Vladimir Tarasenko,NHL,#333,https://assets.nhle.com/mugs/nhl/latest/8475765.png,64,20,20,40,-4
8479425,Filip Hronek,NHL,#333,https://assets.nhle.com/mugs/nhl/latest/8479425.png,69,8,31,39,-5
8476468,J.T. Miller,NHL,#333,https://assets.nhle.com/mugs/nhl/latest/8476468.png,55,14,25,39,-28
8477429,Andrew Copp,NHL,#333,https://assets.nhle.com/mugs/nhl/latest/8477429.png,67,9,30,39,3
8480807,Mattias Samuelsson,NHL,#333,https://assets.nhle.com/mugs/nhl/latest/8480807.png,67,12,27,39,35
8481596,Shane Pinto,NHL,#333,https://assets.nhle.com/mugs/nhl/latest/8481596.png,59,18,20,38,3
8480220,Noah Cates,NHL,#333,https://assets.nhle.com/mugs/nhl/latest/8480220.png,69,15,23,38,19
8482259,Bobby McMann,NHL,#333,https://assets.nhle.com/mugs/nhl/latest/8482259.png,65,23,15,38,-4
8474150,Mikael Backlund,NHL,#333,https://assets.nhle.com/mugs/nhl/latest/8474150.png,69,15,23,38,11
8475791,Taylor Hall,NHL,#333,https://assets.nhle.com/mugs/nhl/latest/8475791.png,69,15,23,38,8
8482730,Brandt Clarke,NHL,#333,https://assets.nhle.com/mugs/nhl/latest/8482730.png,69,8,30,38,4
8484387,Matvei Michkov,NHL,#333,https://assets.nhle.com/mugs/nhl/latest/8484387.png,68,16,21,37,-8
8475218,Mattias Ekholm,NHL,#333,https://assets.nhle.com/mugs/nhl/latest/8475218.png,71,6,31,37,25
8478438,Thomas Novak,NHL,#333,https://assets.nhle.com/mugs/nhl/latest/8478438.png,69,15,22,37,5
8475722,Jason Zucker,NHL,#333,https://assets.nhle.com/mugs/nhl/latest/8475722.png,51,20,17,37,-3
8478397,Rasmus Andersson,NHL,#333,https://assets.nhle.com/mugs/nhl/latest/8478397.png,69,12,25,37,-3
8481601,Simon Holmstrom,NHL,#333,https://assets.nhle.com/mugs/nhl/latest/8481601.png,68,17,20,37,13
8483516,Jimmy Snuggerud,NHL,#333,https://assets.nhle.com/mugs/nhl/latest/8483516.png,57,15,21,36,4
8484186,Ryan Leonard,NHL,#333,https://assets.nhle.com/mugs/nhl/latest/8484186.png,63,15,21,36,0
8479385,Jordan Kyrou,NHL,#333,https://assets.nhle.com/mugs/nhl/latest/8479385.png,59,16,20,36,-8
8477955,Jared McCann,NHL,#333,https://assets.nhle.com/mugs/nhl/latest/8477955.png,44,18,18,36,-3
8482124,Quinton Byfield,NHL,#333,https://assets.nhle.com/mugs/nhl/latest/8482124.png,66,14,22,36,-10
8478444,Brock Boeser,NHL,#333,https://assets.nhle.com/mugs/nhl/latest/8478444.png,62,16,20,36,-32
8479323,Adam Fox,NHL,#333,https://assets.nhle.com/mugs/nhl/latest/8479323.png,42,5,31,36,5
8479999,Casey Mittelstadt,NHL,#333,https://assets.nhle.com/mugs/nhl/latest/8479999.png,60,13,23,36,9
8475314,Anders Lee,NHL,#333,https://assets.nhle.com/mugs/nhl/latest/8475314.png,70,15,21,36,3
8476483,Rickard Rakell,NHL,#333,https://assets.nhle.com/mugs/nhl/latest/8476483.png,48,14,21,35,5
8477497,Sean Monahan,NHL,#333,https://assets.nhle.com/mugs/nhl/latest/8477497.png,65,12,23,35,6
8475171,Oliver Ekman-Larsson,NHL,#333,https://assets.nhle.com/mugs/nhl/latest/8475171.png,68,8,27,35,-7
8480009,Eeli Tolvanen,NHL,#333,https://assets.nhle.com/mugs/nhl/latest/8480009.png,66,12,23,35,-14
8481524,Bowen Byram,NHL,#333,https://assets.nhle.com/mugs/nhl/latest/8481524.png,70,10,25,35,13
8481711,Matias Maccelli,NHL,#333,https://assets.nhle.com/mugs/nhl/latest/8481711.png,60,14,21,35,-16
8475753,Justin Faulk,NHL,#333,https://assets.nhle.com/mugs/nhl/latest/8475753.png,68,12,22,34,-4
8478414,Timo Meier,NHL,#333,https://assets.nhle.com/mugs/nhl/latest/8478414.png,64,19,15,34,-17
8478975,Mason Marchment,NHL,#333,https://assets.nhle.com/mugs/nhl/latest/8478975.png,56,16,18,34,8
8483493,Frank Nazar,NHL,#333,https://assets.nhle.com/mugs/nhl/latest/8483493.png,53,11,23,34,-15
8478474,Lawson Crouse,NHL,#333,https://assets.nhle.com/mugs/nhl/latest/8478474.png,69,17,17,34,21
8481580,Connor McMichael,NHL,#333,https://assets.nhle.com/mugs/nhl/latest/8481580.png,66,10,24,34,5
8477015,Connor Brown,NHL,#333,https://assets.nhle.com/mugs/nhl/latest/8477015.png,62,13,21,34,-4
8480028,Morgan Frost,NHL,#333,https://assets.nhle.com/mugs/nhl/latest/8480028.png,69,16,18,34,-18
8482775,Oliver Kapanen,NHL,#333,https://assets.nhle.com/mugs/nhl/latest/8482775.png,69,20,14,34,3
8476853,Morgan Rielly,NHL,#333,https://assets.nhle.com/mugs/nhl/latest/8476853.png,67,9,24,33,-17
8482679,Matt Coronato,NHL,#333,https://assets.nhle.com/mugs/nhl/latest/8482679.png,68,16,17,33,-28
8471685,Anze Kopitar,NHL,#333,https://assets.nhle.com/mugs/nhl/latest/8471685.png,54,11,22,33,14
8475168,Matt Duchene,NHL,#333,https://assets.nhle.com/mugs/nhl/latest/8475168.png,44,13,20,33,-1
8476875,Mike Matheson,NHL,#333,https://assets.nhle.com/mugs/nhl/latest/8476875.png,66,6,27,33,10
8482110,Dawson Mercer,NHL,#333,https://assets.nhle.com/mugs/nhl/latest/8482110.png,69,15,18,33,-4
8478047,Michael Bunting,NHL,#333,https://assets.nhle.com/mugs/nhl/latest/8478047.png,68,14,19,33,-21
8477950,Tony DeAngelo,NHL,#333,https://assets.nhle.com/mugs/nhl/latest/8477950.png,70,5,28,33,-2
8482155,Alex Laferriere,NHL,#333,https://assets.nhle.com/mugs/nhl/latest/8482155.png,69,17,16,33,-1
8481522,Peyton Krebs,NHL,#333,https://assets.nhle.com/mugs/nhl/latest/8481522.png,70,9,24,33,7
8479351,Sam Steel,NHL,#333,https://assets.nhle.com/mugs/nhl/latest/8479351.png,69,12,20,32,7
8478856,Conor Garland,NHL,#333,https://assets.nhle.com/mugs/nhl/latest/8478856.png,58,12,20,32,-14
8476885,Jacob Trouba,NHL,#333,https://assets.nhle.com/mugs/nhl/latest/8476885.png,68,10,22,32,3
8482684,Luke Hughes,NHL,#333,https://assets.nhle.com/mugs/nhl/latest/8482684.png,59,6,26,32,-6
8475170,Brayden Schenn,NHL,#333,https://assets.nhle.com/mugs/nhl/latest/8475170.png,68,14,18,32,-25
8482702,Logan Stankoven,NHL,#333,https://assets.nhle.com/mugs/nhl/latest/8482702.png,69,14,18,32,12
8482745,Mason McTavish,NHL,#333,https://assets.nhle.com/mugs/nhl/latest/8482745.png,62,13,19,32,-11
8476432,Boone Jenner,NHL,#333,https://assets.nhle.com/mugs/nhl/latest/8476432.png,54,10,22,32,2
8482705,Cole Sillinger,NHL,#333,https://assets.nhle.com/mugs/nhl/latest/8482705.png,68,7,25,32,6
8484145,Zach Benson,NHL,#333,https://assets.nhle.com/mugs/nhl/latest/8484145.png,53,8,24,32,23
8475287,Erik Haula,NHL,#333,https://assets.nhle.com/mugs/nhl/latest/8475287.png,69,11,21,32,-16
8482077,Dylan Holloway,NHL,#333,https://assets.nhle.com/mugs/nhl/latest/8482077.png,46,15,17,32,3
8477503,Max Domi,NHL,#333,https://assets.nhle.com/mugs/nhl/latest/8477503.png,69,10,22,32,-21
8482157,Will Cuylle,NHL,#333,https://assets.nhle.com/mugs/nhl/latest/8482157.png,69,16,16,32,-14
8477447,Shea Theodore,NHL,#333,https://assets.nhle.com/mugs/nhl/latest/8477447.png,58,8,24,32,12
8485414,Ben Kindel,NHL,#333,https://assets.nhle.com/mugs/nhl/latest/8485414.png,66,17,15,32,-9
8476882,Teuvo Teravainen,NHL,#333,https://assets.nhle.com/mugs/nhl/latest/8476882.png,62,13,19,32,-19
8481716,Dmitri Voronkov,NHL,#333,https://assets.nhle.com/mugs/nhl/latest/8481716.png,62,17,15,32,-1
8478498,Jake DeBrusk,NHL,#333,https://assets.nhle.com/mugs/nhl/latest/8478498.png,68,14,18,32,-25
8480817,K'Andre Miller,NHL,#333,https://assets.nhle.com/mugs/nhl/latest/8480817.png,61,6,26,32,8
8483489,Fraser Minten,NHL,#333,https://assets.nhle.com/mugs/nhl/latest/8483489.png,70,16,15,31,22
8478507,John Marino,NHL,#333,https://assets.nhle.com/mugs/nhl/latest/8478507.png,70,4,27,31,38
8482145,Mavrik Bourque,NHL,#333,https://assets.nhle.com/mugs/nhl/latest/8482145.png,69,13,18,31,0
8481617,Vasily Podkolzin,NHL,#333,https://assets.nhle.com/mugs/nhl/latest/8481617.png,71,16,15,31,17
8477444,Andre Burakovsky,NHL,#333,https://assets.nhle.com/mugs/nhl/latest/8477444.png,63,11,20,31,-21
8477451,Ryan Hartman,NHL,#333,https://assets.nhle.com/mugs/nhl/latest/8477451.png,67,16,15,31,-4
8480797,Joel Farabee,NHL,#333,https://assets.nhle.com/mugs/nhl/latest/8480797.png,69,16,15,31,-10
8478469,Thomas Chabot,NHL,#333,https://assets.nhle.com/mugs/nhl/latest/8478469.png,54,7,24,31,6
8477948,Travis Sanheim,NHL,#333,https://assets.nhle.com/mugs/nhl/latest/8477948.png,69,8,23,31,7
8476419,Jean-Gabriel Pageau,NHL,#333,https://assets.nhle.com/mugs/nhl/latest/8476419.png,62,15,16,31,4
8470621,Corey Perry,NHL,#333,https://assets.nhle.com/mugs/nhl/latest/8470621.png,58,13,18,31,0
8478882,Vladislav Gavrikov,NHL,#333,https://assets.nhle.com/mugs/nhl/latest/8478882.png,69,14,17,31,-13
8480068,Ryan Poehling,NHL,#333,https://assets.nhle.com/mugs/nhl/latest/8480068.png,62,9,22,31,13
8478020,Michael Amadio,NHL,#333,https://assets.nhle.com/mugs/nhl/latest/8478020.png,69,12,18,30,9
8483431,Logan Cooley,NHL,#333,https://assets.nhle.com/mugs/nhl/latest/8483431.png,42,17,13,30,6
8473994,Jamie Benn,NHL,#333,https://assets.nhle.com/mugs/nhl/latest/8473994.png,47,14,16,30,11
8481554,Kaapo Kakko,NHL,#333,https://assets.nhle.com/mugs/nhl/latest/8481554.png,52,11,19,30,11
8482475,Egor Chinakhov,NHL,#333,https://assets.nhle.com/mugs/nhl/latest/8482475.png,60,15,15,30,1
8478542,Evan Rodrigues,NHL,#333,https://assets.nhle.com/mugs/nhl/latest/8478542.png,67,11,19,30,-15
8481024,Linus Karlsson,NHL,#333,https://assets.nhle.com/mugs/nhl/latest/8481024.png,66,13,17,30,-21
8481581,Thomas Harley,NHL,#333,https://assets.nhle.com/mugs/nhl/latest/8481581.png,57,6,24,30,0
8481721,Arseny Gritsyuk,NHL,#333,https://assets.nhle.com/mugs/nhl/latest/8481721.png,65,13,17,30,-5
8479638,Justin Brazeau,NHL,#333,https://assets.nhle.com/mugs/nhl/latest/8479638.png,51,16,14,30,4
8476462,Dougie Hamilton,NHL,#333,https://assets.nhle.com/mugs/nhl/latest/8476462.png,64,9,21,30,-7
8473533,Jordan Staal,NHL,#333,https://assets.nhle.com/mugs/nhl/latest/8473533.png,66,17,13,30,4
8482177,Marat Khusnutdinov,NHL,#333,https://assets.nhle.com/mugs/nhl/latest/8482177.png,65,14,16,30,14
8476923,Damon Severson,NHL,#333,https://assets.nhle.com/mugs/nhl/latest/8476923.png,68,7,22,29,16
8476461,Sean Couturier,NHL,#333,https://assets.nhle.com/mugs/nhl/latest/8476461.png,66,7,22,29,-7
8470613,Brent Burns,NHL,#333,https://assets.nhle.com/mugs/nhl/latest/8470613.png,68,10,19,29,27
8475200,Dmitry Orlov,NHL,#333,https://assets.nhle.com/mugs/nhl/latest/8475200.png,68,3,26,29,-21
8480748,Kiefer Sherwood,NHL,#333,https://assets.nhle.com/mugs/nhl/latest/8480748.png,58,21,8,29,-17
8481582,Nicholas Robertson,NHL,#333,https://assets.nhle.com/mugs/nhl/latest/8481582.png,67,13,16,29,-8
8477416,Oliver Bjorkstrand,NHL,#333,https://assets.nhle.com/mugs/nhl/latest/8477416.png,68,11,18,29,-12
8478458,Jack Roslovic,NHL,#333,https://assets.nhle.com/mugs/nhl/latest/8478458.png,58,17,12,29,-10
8476455,Gabriel Landeskog,NHL,#333,https://assets.nhle.com/mugs/nhl/latest/8476455.png,47,9,20,29,26
8484258,Sam Malinski,NHL,#333,https://assets.nhle.com/mugs/nhl/latest/8484258.png,68,3,26,29,35
8475169,Evander Kane,NHL,#333,https://assets.nhle.com/mugs/nhl/latest/8475169.png,66,12,17,29,-17
8482088,Justin Sourdif,NHL,#333,https://assets.nhle.com/mugs/nhl/latest/8482088.png,66,13,16,29,15
8481553,Bobby Brink,NHL,#333,https://assets.nhle.com/mugs/nhl/latest/8481553.png,60,15,14,29,-1
8482079,Marco Rossi,NHL,#333,https://assets.nhle.com/mugs/nhl/latest/8482079.png,37,9,19,28,-13
8482476,Emil Heineman,NHL,#333,https://assets.nhle.com/mugs/nhl/latest/8482476.png,70,20,8,28,-8
8474037,James van Riemsdyk,NHL,#333,https://assets.nhle.com/mugs/nhl/latest/8474037.png,61,15,13,28,-15
8476312,Josh Manson,NHL,#333,https://assets.nhle.com/mugs/nhl/latest/8476312.png,68,5,23,28,39
8482092,Ridly Greig,NHL,#333,https://assets.nhle.com/mugs/nhl/latest/8482092.png,64,11,17,28,7
8477986,Brandon Montour,NHL,#333,https://assets.nhle.com/mugs/nhl/latest/8477986.png,51,8,20,28,-10
8483485,Denton Mateychuk,NHL,#333,https://assets.nhle.com/mugs/nhl/latest/8483485.png,62,11,17,28,13
8476399,Blake Coleman,NHL,#333,https://assets.nhle.com/mugs/nhl/latest/8476399.png,57,16,12,28,10
8475798,Mikael Granlund,NHL,#333,https://assets.nhle.com/mugs/nhl/latest/8475798.png,45,13,15,28,-11
8483512,Matt Savoie,NHL,#333,https://assets.nhle.com/mugs/nhl/latest/8483512.png,71,11,17,28,-1
8478854,Ryan Shea,NHL,#333,https://assets.nhle.com/mugs/nhl/latest/8478854.png,69,4,24,28,24
8480980,Connor Dewar,NHL,#333,https://assets.nhle.com/mugs/nhl/latest/8480980.png,69,14,13,27,10
8478109,Victor Olofsson,NHL,#333,https://assets.nhle.com/mugs/nhl/latest/8478109.png,67,12,15,27,4
8477407,Anthony Duclair,NHL,#333,https://assets.nhle.com/mugs/nhl/latest/8477407.png,60,12,15,27,0
8477987,Ryan Donato,NHL,#333,https://assets.nhle.com/mugs/nhl/latest/8477987.png,69,14,13,27,-7
8482100,Alexander Nikishin,NHL,#333,https://assets.nhle.com/mugs/nhl/latest/8482100.png,68,10,17,27,12
8471724,Kris Letang,NHL,#333,https://assets.nhle.com/mugs/nhl/latest/8471724.png,63,3,24,27,-7
8481624,Ilya Mikheyev,NHL,#333,https://assets.nhle.com/mugs/nhl/latest/8481624.png,64,13,14,27,-3
8482142,Jamie Drysdale,NHL,#333,https://assets.nhle.com/mugs/nhl/latest/8482142.png,66,7,20,27,-6
8478500,Ivan Provorov,NHL,#333,https://assets.nhle.com/mugs/nhl/latest/8478500.png,69,8,19,27,19
8476902,Esa Lindell,NHL,#333,https://assets.nhle.com/mugs/nhl/latest/8476902.png,69,5,22,27,28
8480188,Fabian Zetterlund,NHL,#333,https://assets.nhle.com/mugs/nhl/latest/8480188.png,69,13,14,27,-2
8479619,Michael Carcone,NHL,#333,https://assets.nhle.com/mugs/nhl/latest/8479619.png,67,14,12,26,4
8483890,Braeden Bowman,NHL,#333,https://assets.nhle.com/mugs/nhl/latest/8483890.png,54,8,18,26,-16
8482089,Jake Neighbours,NHL,#333,https://assets.nhle.com/mugs/nhl/latest/8482089.png,56,14,12,26,-11
8483500,Noah Ostlund,NHL,#333,https://assets.nhle.com/mugs/nhl/latest/8483500.png,58,11,15,26,9
8480448,Parker Kelly,NHL,#333,https://assets.nhle.com/mugs/nhl/latest/8480448.png,68,15,11,26,10
8478450,Parker Wotherspoon,NHL,#333,https://assets.nhle.com/mugs/nhl/latest/8478450.png,69,3,23,26,13
8482655,J.J. Moser,NHL,#333,https://assets.nhle.com/mugs/nhl/latest/8482655.png,66,7,19,26,45
8482201,Gage Goncalves,NHL,#333,https://assets.nhle.com/mugs/nhl/latest/8482201.png,60,11,15,26,22
8473986,Alex Killorn,NHL,#333,https://assets.nhle.com/mugs/nhl/latest/8473986.png,69,11,15,26,-2
8484471,Emmitt Finnie,NHL,#333,https://assets.nhle.com/mugs/nhl/latest/8484471.png,70,12,14,26,-7
8482149,Cole Perfetti,NHL,#333,https://assets.nhle.com/mugs/nhl/latest/8482149.png,55,9,17,26,-6
8482055,Drew O'Connor,NHL,#333,https://assets.nhle.com/mugs/nhl/latest/8482055.png,69,16,10,26,0
8482737,Zachary Bolduc,NHL,#333,https://assets.nhle.com/mugs/nhl/latest/8482737.png,67,10,16,26,-7
8483808,Andrei Kuzmenko,NHL,#333,https://assets.nhle.com/mugs/nhl/latest/8483808.png,52,13,12,25,-4
8477932,Aaron Ekblad,NHL,#333,https://assets.nhle.com/mugs/nhl/latest/8477932.png,67,3,22,25,-7
8474102,David Perron,NHL,#333,https://assets.nhle.com/mugs/nhl/latest/8474102.png,53,10,15,25,1
8476456,Jonathan Huberdeau,NHL,#333,https://assets.nhle.com/mugs/nhl/latest/8476456.png,50,10,15,25,-9
8484241,Matthew Wood,NHL,#333,https://assets.nhle.com/mugs/nhl/latest/8484241.png,58,15,10,25,-1
8483524,Shane Wright,NHL,#333,https://assets.nhle.com/mugs/nhl/latest/8483524.png,69,11,14,25,7
8480185,Eetu Luostarinen,NHL,#333,https://assets.nhle.com/mugs/nhl/latest/8480185.png,60,8,17,25,-1
8480849,Barrett Hayton,NHL,#333,https://assets.nhle.com/mugs/nhl/latest/8480849.png,65,10,15,25,3
8480873,Rasmus Sandin,NHL,#333,https://assets.nhle.com/mugs/nhl/latest/8480873.png,63,4,21,25,10
8480113,Alex Iafallo,NHL,#333,https://assets.nhle.com/mugs/nhl/latest/8480113.png,69,11,14,25,3
8479671,Mathieu Olivier,NHL,#333,https://assets.nhle.com/mugs/nhl/latest/8479671.png,56,14,11,25,15
8481546,Cam York,NHL,#333,https://assets.nhle.com/mugs/nhl/latest/8481546.png,62,4,21,25,-1
8475764,Cam Fowler,NHL,#333,https://assets.nhle.com/mugs/nhl/latest/8475764.png,69,2,23,25,-13
8480064,Josh Norris,NHL,#333,https://assets.nhle.com/mugs/nhl/latest/8480064.png,32,10,15,25,4
8481068,Yegor Sharangovich,NHL,#333,https://assets.nhle.com/mugs/nhl/latest/8481068.png,65,14,11,25,-21
8483450,Ryan Greene,NHL,#333,https://assets.nhle.com/mugs/nhl/latest/8483450.png,68,9,16,25,-9
8476826,Yanni Gourde,NHL,#333,https://assets.nhle.com/mugs/nhl/latest/8476826.png,68,9,16,25,0
8482511,Mason Lohrei,NHL,#333,https://assets.nhle.com/mugs/nhl/latest/8482511.png,65,7,18,25,11
8477506,Ryan Pulock,NHL,#333,https://assets.nhle.com/mugs/nhl/latest/8477506.png,67,3,22,25,14
8483525,Danila Yurov,NHL,#333,https://assets.nhle.com/mugs/nhl/latest/8483525.png,64,10,15,25,-2
8482671,Owen Power,NHL,#333,https://assets.nhle.com/mugs/nhl/latest/8482671.png,69,7,17,24,6
8475906,John Klingberg,NHL,#333,https://assets.nhle.com/mugs/nhl/latest/8475906.png,53,10,14,24,-15
8482245,Artem Zub,NHL,#333,https://assets.nhle.com/mugs/nhl/latest/8482245.png,68,4,20,24,14
8480855,Jack McBain,NHL,#333,https://assets.nhle.com/mugs/nhl/latest/8480855.png,70,8,16,24,12
8481598,Philip Broberg,NHL,#333,https://assets.nhle.com/mugs/nhl/latest/8481598.png,68,4,20,24,2
8473604,Jonathan Toews,NHL,#333,https://assets.nhle.com/mugs/nhl/latest/8473604.png,69,9,15,24,-18
8478421,A.J. Greer,NHL,#333,https://assets.nhle.com/mugs/nhl/latest/8478421.png,68,13,11,24,5
8484783,Artyom Levshunov,NHL,#333,https://assets.nhle.com/mugs/nhl/latest/8484783.png,64,2,22,24,-35
8477495,Seth Jones,NHL,#333,https://assets.nhle.com/mugs/nhl/latest/8477495.png,43,6,18,24,-3
8483573,Ethen Frank,NHL,#333,https://assets.nhle.com/mugs/nhl/latest/8483573.png,59,12,12,24,9
8477456,J.T. Compher,NHL,#333,https://assets.nhle.com/mugs/nhl/latest/8477456.png,70,10,14,24,-4
8476539,Jonathan Marchessault,NHL,#333,https://assets.nhle.com/mugs/nhl/latest/8476539.png,50,11,13,24,-18
8482074,Connor Zary,NHL,#333,https://assets.nhle.com/mugs/nhl/latest/8482074.png,67,11,13,24,-11
8479525,Ross Colton,NHL,#333,https://assets.nhle.com/mugs/nhl/latest/8479525.png,60,8,15,23,13
8478396,Noah Hanifin,NHL,#333,https://assets.nhle.com/mugs/nhl/latest/8478396.png,59,3,20,23,-5
8484829,Justin Hryckowian,NHL,#333,https://assets.nhle.com/mugs/nhl/latest/8484829.png,68,10,13,23,0
8478055,Gustav Forsling,NHL,#333,https://assets.nhle.com/mugs/nhl/latest/8478055.png,68,2,21,23,-5
8481606,Jordan Spence,NHL,#333,https://assets.nhle.com/mugs/nhl/latest/8481606.png,60,4,19,23,17
8480459,Pius Suter,NHL,#333,https://assets.nhle.com/mugs/nhl/latest/8480459.png,52,11,12,23,6
8480289,Morgan Barron,NHL,#333,https://assets.nhle.com/mugs/nhl/latest/8480289.png,60,11,12,23,6
8483495,Simon Nemec,NHL,#333,https://assets.nhle.com/mugs/nhl/latest/8483495.png,55,10,13,23,-2
8478463,Anthony Beauvillier,NHL,#333,https://assets.nhle.com/mugs/nhl/latest/8478463.png,70,12,11,23,7
8476921,Jordan Martinook,NHL,#333,https://assets.nhle.com/mugs/nhl/latest/8476921.png,66,10,13,23,5
8479378,Logan Stanley,NHL,#333,https://assets.nhle.com/mugs/nhl/latest/8479378.png,65,9,14,23,1
8480434,Sean Durzi,NHL,#333,https://assets.nhle.com/mugs/nhl/latest/8480434.png,49,5,18,23,-12
8479314,Matthew Tkachuk,NHL,#333,https://assets.nhle.com/mugs/nhl/latest/8479314.png,22,9,14,23,-6
8480336,Sean Walker,NHL,#333,https://assets.nhle.com/mugs/nhl/latest/8480336.png,69,7,16,23,-2
8482713,Mackie Samoskevich,NHL,#333,https://assets.nhle.com/mugs/nhl/latest/8482713.png,66,6,17,23,-6
8476854,Hampus Lindholm,NHL,#333,https://assets.nhle.com/mugs/nhl/latest/8476854.png,56,4,18,22,-3
8476981,Josh Anderson,NHL,#333,https://assets.nhle.com/mugs/nhl/latest/8476981.png,61,13,9,22,-7
8475848,Brendan Gallagher,NHL,#333,https://assets.nhle.com/mugs/nhl/latest/8475848.png,68,6,16,22,1
8484798,Zeev Buium,NHL,#333,https://assets.nhle.com/mugs/nhl/latest/8484798.png,63,5,17,22,-21
8478874,Adam Gaudette,NHL,#333,https://assets.nhle.com/mugs/nhl/latest/8478874.png,55,14,8,22,-11
8477494,Jonathan Drouin,NHL,#333,https://assets.nhle.com/mugs/nhl/latest/8477494.png,59,4,18,22,-3
8479996,Cody Glass,NHL,#333,https://assets.nhle.com/mugs/nhl/latest/8479996.png,57,15,7,22,3
8478462,Nicolas Roy,NHL,#333,https://assets.nhle.com/mugs/nhl/latest/8478462.png,67,7,15,22,-3
8484158,Easton Cowan,NHL,#333,https://assets.nhle.com/mugs/nhl/latest/8484158.png,55,9,13,22,1
8477346,MacKenzie Weegar,NHL,#333,https://assets.nhle.com/mugs/nhl/latest/8477346.png,68,3,19,22,-32
8480426,Charle-Edouard D'Astous,NHL,#333,https://assets.nhle.com/mugs/nhl/latest/8480426.png,56,4,17,21,-7
8483690,Noah Laba,NHL,#333,https://assets.nhle.com/mugs/nhl/latest/8483690.png,65,9,12,21,-1
8477919,Freddy Gaudreau,NHL,#333,https://assets.nhle.com/mugs/nhl/latest/8477919.png,55,5,16,21,4
8477498,Darnell Nurse,NHL,#333,https://assets.nhle.com/mugs/nhl/latest/8477498.png,71,7,14,21,-17
8476931,Jake McCabe,NHL,#333,https://assets.nhle.com/mugs/nhl/latest/8476931.png,69,3,18,21,11
8476869,Brady Skjei,NHL,#333,https://assets.nhle.com/mugs/nhl/latest/8476869.png,69,1,20,21,-9
8484221,Calum Ritchie,NHL,#333,https://assets.nhle.com/mugs/nhl/latest/8484221.png,53,9,12,21,-12
8479661,Tanner Jeannot,NHL,#333,https://assets.nhle.com/mugs/nhl/latest/8479661.png,66,6,15,21,-5
8480796,Martin Fehervary,NHL,#333,https://assets.nhle.com/mugs/nhl/latest/8480796.png,69,4,17,21,15
8480835,Jack Drury,NHL,#333,https://assets.nhle.com/mugs/nhl/latest/8480835.png,68,8,13,21,12
8482762,Simon Edvinsson,NHL,#333,https://assets.nhle.com/mugs/nhl/latest/8482762.png,60,9,12,21,10
8482660,Kent Johnson,NHL,#333,https://assets.nhle.com/mugs/nhl/latest/8482660.png,66,7,14,21,-5
8475768,Jaden Schwartz,NHL,#333,https://assets.nhle.com/mugs/nhl/latest/8475768.png,42,10,11,21,7
8479675,Trevor Moore,NHL,#333,https://assets.nhle.com/mugs/nhl/latest/8479675.png,56,9,12,21,-9
8483565,Nick Blankenburg,NHL,#333,https://assets.nhle.com/mugs/nhl/latest/8483565.png,52,6,15,21,-13
8478851,Alexandre Carrier,NHL,#333,https://assets.nhle.com/mugs/nhl/latest/8478851.png,69,7,14,21,-1
8480995,Pontus Holmberg,NHL,#333,https://assets.nhle.com/mugs/nhl/latest/8480995.png,61,9,11,20,3
8475191,Reilly Smith,NHL,#333,https://assets.nhle.com/mugs/nhl/latest/8475191.png,60,11,9,20,-10
8484210,Gabe Perreault,NHL,#333,https://assets.nhle.com/mugs/nhl/latest/8484210.png,36,7,13,20,-2
8481618,Alex Newhook,NHL,#333,https://assets.nhle.com/mugs/nhl/latest/8481618.png,29,10,10,20,8
8476393,Nick Cousins,NHL,#333,https://assets.nhle.com/mugs/nhl/latest/8476393.png,68,8,12,20,7
8478508,Yakov Trenin,NHL,#333,https://assets.nhle.com/mugs/nhl/latest/8478508.png,71,6,14,20,12
8480798,Philipp Kurashev,NHL,#333,https://assets.nhle.com/mugs/nhl/latest/8480798.png,42,7,13,20,0
8478133,Jake Evans,NHL,#333,https://assets.nhle.com/mugs/nhl/latest/8478133.png,55,10,10,20,-6
8477220,Nate Schmidt,NHL,#333,https://assets.nhle.com/mugs/nhl/latest/8477220.png,70,5,15,20,32
8483490,Pavel Mintyukov,NHL,#333,https://assets.nhle.com/mugs/nhl/latest/8483490.png,64,8,12,20,-2
8480074,Alexandre Texier,NHL,#333,https://assets.nhle.com/mugs/nhl/latest/8480074.png,45,8,12,20,7
8476469,Joel Armia,NHL,#333,https://assets.nhle.com/mugs/nhl/latest/8476469.png,54,10,10,20,2
8474013,Ian Cole,NHL,#333,https://assets.nhle.com/mugs/nhl/latest/8474013.png,70,3,16,19,17
8475799,Nino Niederreiter,NHL,#333,https://assets.nhle.com/mugs/nhl/latest/8475799.png,55,8,11,19,-4
8484197,Oliver Moore,NHL,#333,https://assets.nhle.com/mugs/nhl/latest/8484197.png,51,5,14,19,-15
8474716,Jared Spurgeon,NHL,#333,https://assets.nhle.com/mugs/nhl/latest/8474716.png,71,6,13,19,2
8478569,Noel Acciari,NHL,#333,https://assets.nhle.com/mugs/nhl/latest/8478569.png,55,9,10,19,8
8481481,Blake Lizotte,NHL,#333,https://assets.nhle.com/mugs/nhl/latest/8481481.png,55,7,12,19,6
8484223,Axel Sandin-Pellikka,NHL,#333,https://assets.nhle.com/mugs/nhl/latest/8484223.png,63,6,13,19,-21
8476457,Adam Larsson,NHL,#333,https://assets.nhle.com/mugs/nhl/latest/8476457.png,69,5,14,19,-3
8482803,Olen Zellweger,NHL,#333,https://assets.nhle.com/mugs/nhl/latest/8482803.png,68,7,12,19,4
8477507,Nikita Zadorov,NHL,#333,https://assets.nhle.com/mugs/nhl/latest/8477507.png,69,2,17,19,19
8479983,Mario Ferraro,NHL,#333,https://assets.nhle.com/mugs/nhl/latest/8479983.png,68,6,13,19,0
8479977,Kailer Yamamoto,NHL,#333,https://assets.nhle.com/mugs/nhl/latest/8479977.png,48,10,8,18,10
8476392,Adam Lowry,NHL,#333,https://assets.nhle.com/mugs/nhl/latest/8476392.png,57,4,14,18,-2
8482751,Ryan Winterton,NHL,#333,https://assets.nhle.com/mugs/nhl/latest/8482751.png,62,4,14,18,1
8474563,Drew Doughty,NHL,#333,https://assets.nhle.com/mugs/nhl/latest/8474563.png,59,5,13,18,-3
8476331,Dylan DeMelo,NHL,#333,https://assets.nhle.com/mugs/nhl/latest/8476331.png,69,3,15,18,6
8478013,Jake Walman,NHL,#333,https://assets.nhle.com/mugs/nhl/latest/8478013.png,42,8,10,18,-13
8475151,Kyle Palmieri,NHL,#333,https://assets.nhle.com/mugs/nhl/latest/8475151.png,25,6,12,18,-2
8480355,Mark Kastelic,NHL,#333,https://assets.nhle.com/mugs/nhl/latest/8480355.png,70,9,9,18,1
8479390,Taylor Raddysh,NHL,#333,https://assets.nhle.com/mugs/nhl/latest/8479390.png,63,9,9,18,3
8484240,Tom Willander,NHL,#333,https://assets.nhle.com/mugs/nhl/latest/8484240.png,57,4,14,18,-14
8476441,Joel Edmundson,NHL,#333,https://assets.nhle.com/mugs/nhl/latest/8476441.png,69,2,16,18,5
8479591,Michael Eyssimont,NHL,#333,https://assets.nhle.com/mugs/nhl/latest/8479591.png,52,8,10,18,-4
8481013,Jonatan Berggren,NHL,#333,https://assets.nhle.com/mugs/nhl/latest/8481013.png,40,7,11,18,-2
8476374,Sean Kuraly,NHL,#333,https://assets.nhle.com/mugs/nhl/latest/8476374.png,70,5,12,17,-5
8475167,Victor Hedman,NHL,#333,https://assets.nhle.com/mugs/nhl/latest/8475167.png,33,1,16,17,-1
8476889,Radek Faksa,NHL,#333,https://assets.nhle.com/mugs/nhl/latest/8476889.png,56,2,15,17,1
8475343,Nic Dowd,NHL,#333,https://assets.nhle.com/mugs/nhl/latest/8475343.png,63,4,13,17,-6
8481568,Alex Vlasic,NHL,#333,https://assets.nhle.com/mugs/nhl/latest/8481568.png,68,2,15,17,-14
8475794,Tyler Seguin,NHL,#333,https://assets.nhle.com/mugs/nhl/latest/8475794.png,27,7,10,17,10
8481806,Louis Crevier,NHL,#333,https://assets.nhle.com/mugs/nhl/latest/8481806.png,65,5,12,17,-1
8475324,Nick Jensen,NHL,#333,https://assets.nhle.com/mugs/nhl/latest/8475324.png,61,4,13,17,-2
8480762,Eric Robinson,NHL,#333,https://assets.nhle.com/mugs/nhl/latest/8480762.png,55,12,5,17,8
8478038,Devon Toews,NHL,#333,https://assets.nhle.com/mugs/nhl/latest/8478038.png,55,2,15,17,25
8475231,Casey Cizikas,NHL,#333,https://assets.nhle.com/mugs/nhl/latest/8475231.png,69,8,8,16,-4
8476479,Phillip Danault,NHL,#333,https://assets.nhle.com/mugs/nhl/latest/8476479.png,63,5,11,16,-2
8478233,Andrew Mangiapane,NHL,#333,https://assets.nhle.com/mugs/nhl/latest/8478233.png,59,8,8,16,-22
8476873,Mark Jankowski,NHL,#333,https://assets.nhle.com/mugs/nhl/latest/8476873.png,56,7,9,16,4
8478434,Keegan Kolesar,NHL,#333,https://assets.nhle.com/mugs/nhl/latest/8478434.png,70,6,10,16,-15
8478831,Kevin Stenlund,NHL,#333,https://assets.nhle.com/mugs/nhl/latest/8478831.png,68,4,12,16,-7
8482634,Alex Steeves,NHL,#333,https://assets.nhle.com/mugs/nhl/latest/8482634.png,41,9,7,16,5
8475208,Brian Dumoulin,NHL,#333,https://assets.nhle.com/mugs/nhl/latest/8475208.png,69,2,14,16,5
8485402,Michael Misa,NHL,#333,https://assets.nhle.com/mugs/nhl/latest/8485402.png,31,7,9,16,0
8478911,Matt Roy,NHL,#333,https://assets.nhle.com/mugs/nhl/latest/8478911.png,67,2,14,16,13
8476463,Jonas Brodin,NHL,#333,https://assets.nhle.com/mugs/nhl/latest/8476463.png,52,3,13,16,16
8476872,Scott Laughton,NHL,#333,https://assets.nhle.com/mugs/nhl/latest/8476872.png,51,10,6,16,-3
8479353,Brett Howden,NHL,#333,https://assets.nhle.com/mugs/nhl/latest/8479353.png,46,9,7,16,-4
8480860,Kevin Bahl,NHL,#333,https://assets.nhle.com/mugs/nhl/latest/8480860.png,68,4,12,16,2
8475842,Sam Carrick,NHL,#333,https://assets.nhle.com/mugs/nhl/latest/8475842.png,68,9,7,16,2
8485702,Max Shabanov,NHL,#333,https://assets.nhle.com/mugs/nhl/latest/8485702.png,42,4,12,16,-5
8482095,Tyler Kleven,NHL,#333,https://assets.nhle.com/mugs/nhl/latest/8482095.png,64,3,13,16,0
8484164,Dalibor Dvorsky,NHL,#333,https://assets.nhle.com/mugs/nhl/latest/8484164.png,58,10,6,16,-4
8483464,Marco Kasper,NHL,#333,https://assets.nhle.com/mugs/nhl/latest/8483464.png,69,7,9,16,-13
8477450,Jason Dickinson,NHL,#333,https://assets.nhle.com/mugs/nhl/latest/8477450.png,56,7,8,15,-9
8483609,Adam Klapka,NHL,#333,https://assets.nhle.com/mugs/nhl/latest/8483609.png,67,5,10,15,-8
8481789,Tye Kartye,NHL,#333,https://assets.nhle.com/mugs/nhl/latest/8481789.png,51,5,10,15,-6
8477018,Ben Hutton,NHL,#333,https://assets.nhle.com/mugs/nhl/latest/8477018.png,52,6,9,15,4
8476897,Oskar Sundqvist,NHL,#333,https://assets.nhle.com/mugs/nhl/latest/8476897.png,49,4,11,15,-17
8477953,Kasperi Kapanen,NHL,#333,https://assets.nhle.com/mugs/nhl/latest/8477953.png,30,7,8,15,6
8482073,Braden Schneider,NHL,#333,https://assets.nhle.com/mugs/nhl/latest/8482073.png,69,2,13,15,-8
8483752,Dominic James,NHL,#333,https://assets.nhle.com/mugs/nhl/latest/8483752.png,43,7,8,15,4
8484136,Max Sasson,NHL,#333,https://assets.nhle.com/mugs/nhl/latest/8484136.png,58,11,4,15,-10
8479998,Mikey Anderson,NHL,#333,https://assets.nhle.com/mugs/nhl/latest/8479998.png,67,4,11,15,0
8478970,Jalen Chatfield,NHL,#333,https://assets.nhle.com/mugs/nhl/latest/8478970.png,62,1,14,15,15
8484304,Uvis Balinskis,NHL,#333,https://assets.nhle.com/mugs/nhl/latest/8484304.png,54,5,10,15,-13
8478904,Steven Lorentz,NHL,#333,https://assets.nhle.com/mugs/nhl/latest/8478904.png,61,5,10,15,2
8483570,Ben Meyers,NHL,#333,https://assets.nhle.com/mugs/nhl/latest/8483570.png,44,7,8,15,-7
8477446,Michael McCarron,NHL,#333,https://assets.nhle.com/mugs/nhl/latest/8477446.png,68,6,9,15,-15
8476878,Zemgus Girgensons,NHL,#333,https://assets.nhle.com/mugs/nhl/latest/8476878.png,61,8,7,15,-2
8482858,Ryker Evans,NHL,#333,https://assets.nhle.com/mugs/nhl/latest/8482858.png,54,7,7,14,7
8477527,Ross Johnston,NHL,#333,https://assets.nhle.com/mugs/nhl/latest/8477527.png,62,3,11,14,0
8481525,Matthew Robertson,NHL,#333,https://assets.nhle.com/mugs/nhl/latest/8481525.png,59,4,10,14,-4
8476892,Colton Parayko,NHL,#333,https://assets.nhle.com/mugs/nhl/latest/8476892.png,64,1,13,14,-12
8476473,Connor Murphy,NHL,#333,https://assets.nhle.com/mugs/nhl/latest/8476473.png,69,5,9,14,-8
8483499,Liam Ohgren,NHL,#333,https://assets.nhle.com/mugs/nhl/latest/8483499.png,56,7,7,14,-6
8481043,Cole Koepke,NHL,#333,https://assets.nhle.com/mugs/nhl/latest/8481043.png,53,6,8,14,1
8476917,Adam Pelech,NHL,#333,https://assets.nhle.com/mugs/nhl/latest/8476917.png,70,4,10,14,5
8477969,Marcus Pettersson,NHL,#333,https://assets.nhle.com/mugs/nhl/latest/8477969.png,69,1,13,14,-9
8475455,Brenden Dillon,NHL,#333,https://assets.nhle.com/mugs/nhl/latest/8475455.png,69,3,11,14,-8
8481527,Kaedan Korczak,NHL,#333,https://assets.nhle.com/mugs/nhl/latest/8481527.png,69,3,11,14,7
8476458,Ryan Strome,NHL,#333,https://assets.nhle.com/mugs/nhl/latest/8476458.png,41,4,10,14,-9
8479992,Michael Rasmussen,NHL,#333,https://assets.nhle.com/mugs/nhl/latest/8479992.png,61,6,8,14,-9
8483733,Nikita Grebenkin,NHL,#333,https://assets.nhle.com/mugs/nhl/latest/8483733.png,55,4,10,14,-7
8482176,Wyatt Kaiser,NHL,#333,https://assets.nhle.com/mugs/nhl/latest/8482176.png,64,6,8,14,-10
8481523,Kirby Dach,NHL,#333,https://assets.nhle.com/mugs/nhl/latest/8481523.png,32,8,6,14,0
8477425,Miles Wood,NHL,#333,https://assets.nhle.com/mugs/nhl/latest/8477425.png,44,8,6,14,-6
8481532,Alex Turcotte,NHL,#333,https://assets.nhle.com/mugs/nhl/latest/8481532.png,60,3,11,14,-7
8477998,Warren Foegele,NHL,#333,https://assets.nhle.com/mugs/nhl/latest/8477998.png,55,11,3,14,-2
8478136,Jake Middleton,NHL,#333,https://assets.nhle.com/mugs/nhl/latest/8478136.png,64,1,13,14,2
8477478,William Carrier,NHL,#333,https://assets.nhle.com/mugs/nhl/latest/8477478.png,58,6,8,14,1
8476292,Ondrej Palat,NHL,#333,https://assets.nhle.com/mugs/nhl/latest/8476292.png,69,5,9,14,-8
8481032,Paul Cotter,NHL,#333,https://assets.nhle.com/mugs/nhl/latest/8481032.png,66,8,6,14,-17
8478057,Dakota Joshua,NHL,#333,https://assets.nhle.com/mugs/nhl/latest/8478057.png,48,9,5,14,-2
8479980,Nicolas Hague,NHL,#333,https://assets.nhle.com/mugs/nhl/latest/8479980.png,55,3,11,14,-4
8474151,Ryan McDonagh,NHL,#333,https://assets.nhle.com/mugs/nhl/latest/8474151.png,35,5,8,13,11
8484800,Berkly Catton,NHL,#333,https://assets.nhle.com/mugs/nhl/latest/8484800.png,53,6,7,13,-5
8475462,Radko Gudas,NHL,#333,https://assets.nhle.com/mugs/nhl/latest/8475462.png,52,2,11,13,-1
8483506,Sam Rinzel,NHL,#333,https://assets.nhle.com/mugs/nhl/latest/8483506.png,41,3,10,13,-3
8482768,Fedor Svechkov,NHL,#333,https://assets.nhle.com/mugs/nhl/latest/8482768.png,57,3,10,13,-6
8476871,Tanner Pearson,NHL,#333,https://assets.nhle.com/mugs/nhl/latest/8476871.png,53,7,6,13,8
8482148,Hendrix Lapierre,NHL,#333,https://assets.nhle.com/mugs/nhl/latest/8482148.png,65,3,10,13,4
8476467,Jamie Oleksiak,NHL,#333,https://assets.nhle.com/mugs/nhl/latest/8476467.png,67,5,8,13,8
8479369,Andrew Peeke,NHL,#333,https://assets.nhle.com/mugs/nhl/latest/8479369.png,66,4,9,13,-8
8476994,Vinnie Hinostroza,NHL,#333,https://assets.nhle.com/mugs/nhl/latest/8476994.png,53,5,8,13,-9
8479398,Samuel Girard,NHL,#333,https://assets.nhle.com/mugs/nhl/latest/8479398.png,48,3,10,13,11
8482126,Emil Andrae,NHL,#333,https://assets.nhle.com/mugs/nhl/latest/8482126.png,50,2,11,13,13
8475784,Jeff Skinner,NHL,#333,https://assets.nhle.com/mugs/nhl/latest/8475784.png,32,6,7,13,-8
8484149,Gavin Brindley,NHL,#333,https://assets.nhle.com/mugs/nhl/latest/8484149.png,55,6,7,13,1
8478891,Mason Appleton,NHL,#333,https://assets.nhle.com/mugs/nhl/latest/8478891.png,60,5,8,13,-3
8476480,Vladislav Namestnikov,NHL,#333,https://assets.nhle.com/mugs/nhl/latest/8476480.png,57,7,6,13,-11
8479442,Troy Stecher,NHL,#333,https://assets.nhle.com/mugs/nhl/latest/8479442.png,55,3,10,13,0
8480049,Dylan Samberg,NHL,#333,https://assets.nhle.com/mugs/nhl/latest/8480049.png,53,1,12,13,5
8481006,Tyler Tucker,NHL,#333,https://assets.nhle.com/mugs/nhl/latest/8481006.png,61,3,10,13,-1
8482691,Aatu Räty,NHL,#333,https://assets.nhle.com/mugs/nhl/latest/8482691.png,53,4,9,13,1
8482159,Tyson Foerster,NHL,#333,https://assets.nhle.com/mugs/nhl/latest/8482159.png,21,10,3,13,7
8475279,Ben Chiarot,NHL,#333,https://assets.nhle.com/mugs/nhl/latest/8475279.png,70,5,7,12,-5
8479359,Beck Malenstyn,NHL,#333,https://assets.nhle.com/mugs/nhl/latest/8479359.png,69,6,6,12,0
8479336,Carl Grundstrom,NHL,#333,https://assets.nhle.com/mugs/nhl/latest/8479336.png,39,8,4,12,8
8482165,Yan Kuznetsov,NHL,#333,https://assets.nhle.com/mugs/nhl/latest/8482165.png,52,4,8,12,-9
8484806,Sam Dickinson,NHL,#333,https://assets.nhle.com/mugs/nhl/latest/8484806.png,58,1,11,12,-6
8474679,Gustav Nyquist,NHL,#333,https://assets.nhle.com/mugs/nhl/latest/8474679.png,48,1,11,12,-8
8476891,Matt Grzelcyk,NHL,#333,https://assets.nhle.com/mugs/nhl/latest/8476891.png,68,0,12,12,-9
8482178,Ian Moore,NHL,#333,https://assets.nhle.com/mugs/nhl/latest/8482178.png,54,4,8,12,-4
8477839,Conor Sheary,NHL,#333,https://assets.nhle.com/mugs/nhl/latest/8477839.png,49,3,9,12,0
8473422,Nick Foligno,NHL,#333,https://assets.nhle.com/mugs/nhl/latest/8473422.png,45,3,9,12,3
8482482,Adam Wilsby,NHL,#333,https://assets.nhle.com/mugs/nhl/latest/8482482.png,45,1,11,12,-3
8481563,Drew Helleson,NHL,#333,https://assets.nhle.com/mugs/nhl/latest/8481563.png,53,2,10,12,-7
8479370,Tyson Jost,NHL,#333,https://assets.nhle.com/mugs/nhl/latest/8479370.png,56,7,5,12,-13
8480834,Ty Emberson,NHL,#333,https://assets.nhle.com/mugs/nhl/latest/8480834.png,61,2,10,12,3
8478859,Niko Mikkola,NHL,#333,https://assets.nhle.com/mugs/nhl/latest/8478859.png,68,3,8,11,-1
8476624,Barclay Goodrow,NHL,#333,https://assets.nhle.com/mugs/nhl/latest/8476624.png,68,5,6,11,-16
8480727,Zach Whitecloud,NHL,#333,https://assets.nhle.com/mugs/nhl/latest/8480727.png,65,2,9,11,-8
8475220,Marcus Foligno,NHL,#333,https://assets.nhle.com/mugs/nhl/latest/8475220.png,48,6,5,11,-11
8477380,Jonny Brodzinski,NHL,#333,https://assets.nhle.com/mugs/nhl/latest/8477380.png,44,4,7,11,-5
8477845,Trevor van Riemsdyk,NHL,#333,https://assets.nhle.com/mugs/nhl/latest/8477845.png,56,2,9,11,-2
8477573,Nathan Walker,NHL,#333,https://assets.nhle.com/mugs/nhl/latest/8477573.png,41,4,7,11,-5
8484142,Denver Barkey,NHL,#333,https://assets.nhle.com/mugs/nhl/latest/8484142.png,32,3,8,11,-9
8480043,Timothy Liljegren,NHL,#333,https://assets.nhle.com/mugs/nhl/latest/8480043.png,46,1,10,11,-7
8476927,Teddy Blueger,NHL,#333,https://assets.nhle.com/mugs/nhl/latest/8476927.png,22,6,5,11,-6
8481219,Jonathan Aspirot,NHL,#333,https://assets.nhle.com/mugs/nhl/latest/8481219.png,49,3,8,11,26
8476429,Scott Mayfield,NHL,#333,https://assets.nhle.com/mugs/nhl/latest/8476429.png,68,2,9,11,-9
8481477,Nico Sturm,NHL,#333,https://assets.nhle.com/mugs/nhl/latest/8481477.png,46,5,6,11,1
8480848,Ty Dellandrea,NHL,#333,https://assets.nhle.com/mugs/nhl/latest/8480848.png,42,2,9,11,-15
8484994,Igor Chernyshov,NHL,#333,https://assets.nhle.com/mugs/nhl/latest/8484994.png,16,3,8,11,2
8483676,Stephen Halliday,NHL,#333,https://assets.nhle.com/mugs/nhl/latest/8483676.png,28,4,7,11,2
8476967,Brett Kulak,NHL,#333,https://assets.nhle.com/mugs/nhl/latest/8476967.png,69,1,10,11,0
8478472,Mathieu Joseph,NHL,#333,https://assets.nhle.com/mugs/nhl/latest/8478472.png,41,2,9,11,-4
8474189,Lars Eller,NHL,#333,https://assets.nhle.com/mugs/nhl/latest/8474189.png,55,3,8,11,5
8476278,Colin Blackwell,NHL,#333,https://assets.nhle.com/mugs/nhl/latest/8476278.png,58,3,8,11,-2
8484860,Matvei Gridin,NHL,#333,https://assets.nhle.com/mugs/nhl/latest/8484860.png,25,4,7,11,-13
8478454,Noah Juulsen,NHL,#333,https://assets.nhle.com/mugs/nhl/latest/8478454.png,49,1,9,10,3
8478468,Jeremy Lauzon,NHL,#333,https://assets.nhle.com/mugs/nhl/latest/8478468.png,56,0,10,10,-5
8481056,Spencer Stastney,NHL,#333,https://assets.nhle.com/mugs/nhl/latest/8481056.png,66,2,8,10,-11
8482166,Shakir Mukhamadullin,NHL,#333,https://assets.nhle.com/mugs/nhl/latest/8482166.png,37,4,6,10,-2
8480806,Isac Lundeström,NHL,#333,https://assets.nhle.com/mugs/nhl/latest/8480806.png,55,4,6,10,0
8480003,Jesper Boqvist,NHL,#333,https://assets.nhle.com/mugs/nhl/latest/8480003.png,60,3,7,10,-7
8480840,Oskar Bäck,NHL,#333,https://assets.nhle.com/mugs/nhl/latest/8480840.png,59,5,5,10,7
8482087,Kaiden Guhle,NHL,#333,https://assets.nhle.com/mugs/nhl/latest/8482087.png,29,2,8,10,0
8482703,Colton Dach,NHL,#333,https://assets.nhle.com/mugs/nhl/latest/8482703.png,56,3,7,10,-17
8480246,Nick Perbix,NHL,#333,https://assets.nhle.com/mugs/nhl/latest/8480246.png,66,3,7,10,-10
8480035,Henri Jokiharju,NHL,#333,https://assets.nhle.com/mugs/nhl/latest/8480035.png,36,0,10,10,2
8479022,Rodrigo Abols,NHL,#333,https://assets.nhle.com/mugs/nhl/latest/8479022.png,42,3,7,10,-1
8481719,Max Crozier,NHL,#333,https://assets.nhle.com/mugs/nhl/latest/8481719.png,34,1,9,10,7
8477369,Carson Soucy,NHL,#333,https://assets.nhle.com/mugs/nhl/latest/8477369.png,64,5,5,10,-3
8482062,Cole Smith,NHL,#333,https://assets.nhle.com/mugs/nhl/latest/8482062.png,51,6,4,10,-7
8479371,Dante Fabbro,NHL,#333,https://assets.nhle.com/mugs/nhl/latest/8479371.png,61,5,5,10,-13
8483630,Pavol Regenda,NHL,#333,https://assets.nhle.com/mugs/nhl/latest/8483630.png,21,9,1,10,2
8480145,Neal Pionk,NHL,#333,https://assets.nhle.com/mugs/nhl/latest/8480145.png,41,3,6,9,0
8480829,Jesperi Kotkaniemi,NHL,#333,https://assets.nhle.com/mugs/nhl/latest/8480829.png,37,2,7,9,2
8483678,Elias Pettersson,NHL,#333,https://assets.nhle.com/mugs/nhl/latest/8483678.png,59,2,7,9,-13
8481641,Joel Kiviranta,NHL,#333,https://assets.nhle.com/mugs/nhl/latest/8481641.png,38,3,6,9,1
8481593,Jayden Struble,NHL,#333,https://assets.nhle.com/mugs/nhl/latest/8481593.png,46,0,9,9,0
8482947,Zakhar Bardakov,NHL,#333,https://assets.nhle.com/mugs/nhl/latest/8482947.png,54,1,8,9,4
8482125,Alexander Holtz,NHL,#333,https://assets.nhle.com/mugs/nhl/latest/8482125.png,28,3,6,9,-1
8480878,Nils Lundkvist,NHL,#333,https://assets.nhle.com/mugs/nhl/latest/8480878.png,42,3,6,9,8
8481754,Nikita Nesterenko,NHL,#333,https://assets.nhle.com/mugs/nhl/latest/8481754.png,29,1,8,9,-2
8479324,Ryan Lindgren,NHL,#333,https://assets.nhle.com/mugs/nhl/latest/8479324.png,65,2,7,9,7
8479066,Ryan Lomberg,NHL,#333,https://assets.nhle.com/mugs/nhl/latest/8479066.png,56,4,5,9,-3
8482911,Joel Nystrom,NHL,#333,https://assets.nhle.com/mugs/nhl/latest/8482911.png,37,1,8,9,5
8476925,Colton Sissons,NHL,#333,https://assets.nhle.com/mugs/nhl/latest/8476925.png,54,5,4,9,-9
8481607,Albert Johansson,NHL,#333,https://assets.nhle.com/mugs/nhl/latest/8481607.png,70,2,7,9,-10
8474574,Tyler Myers,NHL,#333,https://assets.nhle.com/mugs/nhl/latest/8474574.png,64,1,8,9,-25
8478416,Erik Cernak,NHL,#333,https://assets.nhle.com/mugs/nhl/latest/8478416.png,47,1,8,9,3
8479400,Pierre-Luc Dubois,NHL,#333,https://assets.nhle.com/mugs/nhl/latest/8479400.png,18,4,5,9,-3
8476422,Mike Reilly,NHL,#333,https://assets.nhle.com/mugs/nhl/latest/8476422.png,36,1,8,9,11
8475755,Alexander Petrovic,NHL,#333,https://assets.nhle.com/mugs/nhl/latest/8475755.png,51,2,7,9,2
8482408,Jeff Malott,NHL,#333,https://assets.nhle.com/mugs/nhl/latest/8482408.png,52,3,6,9,-9
8478104,Samuel Blais,NHL,#333,https://assets.nhle.com/mugs/nhl/latest/8478104.png,21,3,5,8,2
8482726,Samuel Helenius,NHL,#333,https://assets.nhle.com/mugs/nhl/latest/8482726.png,41,4,4,8,-3
8475714,Calle Jarnkrok,NHL,#333,https://assets.nhle.com/mugs/nhl/latest/8475714.png,47,6,2,8,-9
8480281,Alexey Toropchenko,NHL,#333,https://assets.nhle.com/mugs/nhl/latest/8480281.png,53,3,5,8,-11
8480950,Ilya Lyubushkin,NHL,#333,https://assets.nhle.com/mugs/nhl/latest/8480950.png,44,1,7,8,1
8479520,Brandon Duhaime,NHL,#333,https://assets.nhle.com/mugs/nhl/latest/8479520.png,70,4,4,8,-2
8481133,Cole Reinhardt,NHL,#333,https://assets.nhle.com/mugs/nhl/latest/8481133.png,49,4,4,8,-6
8477499,Rasmus Ristolainen,NHL,#333,https://assets.nhle.com/mugs/nhl/latest/8477499.png,32,1,7,8,2
8476879,Cody Ceci,NHL,#333,https://assets.nhle.com/mugs/nhl/latest/8476879.png,69,1,7,8,-5
8477947,Sonny Milano,NHL,#333,https://assets.nhle.com/mugs/nhl/latest/8477947.png,31,4,4,8,0
8482470,Ilya Solovyov,NHL,#333,https://assets.nhle.com/mugs/nhl/latest/8482470.png,27,1,7,8,2
8484185,Nick Lardis,NHL,#333,https://assets.nhle.com/mugs/nhl/latest/8484185.png,28,5,3,8,-11
8482733,Logan Mailloux,NHL,#333,https://assets.nhle.com/mugs/nhl/latest/8482733.png,54,3,5,8,-19
8473507,Jeff Petry,NHL,#333,https://assets.nhle.com/mugs/nhl/latest/8473507.png,59,0,8,8,-9
8482765,Isak Rosen,NHL,#333,https://assets.nhle.com/mugs/nhl/latest/8482765.png,24,4,4,8,-3
8478366,Frank Vatrano,NHL,#333,https://assets.nhle.com/mugs/nhl/latest/8478366.png,44,4,4,8,-10
8476438,Brandon Saad,NHL,#333,https://assets.nhle.com/mugs/nhl/latest/8476438.png,46,3,5,8,-8
8478046,Danton Heinen,NHL,#333,https://assets.nhle.com/mugs/nhl/latest/8478046.png,34,5,3,8,3
8484230,Otto Stenberg,NHL,#333,https://assets.nhle.com/mugs/nhl/latest/8484230.png,23,1,7,8,3
8477406,Mattias Janmark,NHL,#333,https://assets.nhle.com/mugs/nhl/latest/8477406.png,43,1,7,8,-8
8475760,Nick Bjugstad,NHL,#333,https://assets.nhle.com/mugs/nhl/latest/8475760.png,48,6,2,8,-9
8478424,Jansen Harkins,NHL,#333,https://assets.nhle.com/mugs/nhl/latest/8478424.png,42,3,5,8,-6
8476372,Nick Seeler,NHL,#333,https://assets.nhle.com/mugs/nhl/latest/8476372.png,67,2,6,8,-4
8480084,Nick DeSimone,NHL,#333,https://assets.nhle.com/mugs/nhl/latest/8480084.png,37,2,5,7,5
8484160,Nate Danielson,NHL,#333,https://assets.nhle.com/mugs/nhl/latest/8484160.png,28,2,5,7,-7
8474568,Luke Schenn,NHL,#333,https://assets.nhle.com/mugs/nhl/latest/8474568.png,48,1,6,7,-13
8483513,Reid Schaefer,NHL,#333,https://assets.nhle.com/mugs/nhl/latest/8483513.png,34,5,2,7,-8
8482117,Lukas Reichel,NHL,#333,https://assets.nhle.com/mugs/nhl/latest/8482117.png,21,3,4,7,-1
8478443,Brandon Carlo,NHL,#333,https://assets.nhle.com/mugs/nhl/latest/8478443.png,48,0,7,7,9
8476474,Stefan Noesen,NHL,#333,https://assets.nhle.com/mugs/nhl/latest/8476474.png,38,3,4,7,-12
8477810,Joel Hanley,NHL,#333,https://assets.nhle.com/mugs/nhl/latest/8477810.png,65,0,7,7,-3
8480990,Declan Chisholm,NHL,#333,https://assets.nhle.com/mugs/nhl/latest/8480990.png,26,1,6,7,3
8478399,Jonas Siegenthaler,NHL,#333,https://assets.nhle.com/mugs/nhl/latest/8478399.png,69,0,7,7,-15
8476448,William Karlsson,NHL,#333,https://assets.nhle.com/mugs/nhl/latest/8476448.png,14,4,3,7,-1
8479705,Jeffrey Viel,NHL,#333,https://assets.nhle.com/mugs/nhl/latest/8479705.png,32,2,5,7,2
8481030,Jack St. Ivany,NHL,#333,https://assets.nhle.com/mugs/nhl/latest/8481030.png,17,0,7,7,7
8482111,Justin Barron,NHL,#333,https://assets.nhle.com/mugs/nhl/latest/8482111.png,42,0,7,7,-2
8479414,Nathan Bastian,NHL,#333,https://assets.nhle.com/mugs/nhl/latest/8479414.png,33,6,1,7,4
8477488,Brett Pesce,NHL,#333,https://assets.nhle.com/mugs/nhl/latest/8477488.png,37,1,6,7,-11
8482758,Ville Koivunen,NHL,#333,https://assets.nhle.com/mugs/nhl/latest/8482758.png,33,2,5,7,-5
8484388,Daniil But,NHL,#333,https://assets.nhle.com/mugs/nhl/latest/8484388.png,28,3,4,7,2
8475188,Brayden McNabb,NHL,#333,https://assets.nhle.com/mugs/nhl/latest/8475188.png,51,3,4,7,-6
8481237,Kyle MacLean,NHL,#333,https://assets.nhle.com/mugs/nhl/latest/8481237.png,50,2,5,7,-5
8482666,Scott Morrow,NHL,#333,https://assets.nhle.com/mugs/nhl/latest/8482666.png,29,0,6,6,-5
8483497,Jani Nyman,NHL,#333,https://assets.nhle.com/mugs/nhl/latest/8483497.png,26,4,2,6,-4
8482172,Landon Slaggert,NHL,#333,https://assets.nhle.com/mugs/nhl/latest/8482172.png,41,3,3,6,0
8474567,Zach Bogosian,NHL,#333,https://assets.nhle.com/mugs/nhl/latest/8474567.png,37,2,4,6,4
8480001,Urho Vaakanainen,NHL,#333,https://assets.nhle.com/mugs/nhl/latest/8480001.png,33,0,6,6,0
8480196,Jacob Bryson,NHL,#333,https://assets.nhle.com/mugs/nhl/latest/8480196.png,42,2,4,6,-5
8476867,Brendan Gaunce,NHL,#333,https://assets.nhle.com/mugs/nhl/latest/8476867.png,25,2,4,6,-1
8483406,Taylor Ward,NHL,#333,https://assets.nhle.com/mugs/nhl/latest/8483406.png,27,3,3,6,1
8484177,Lenni Hameenaho,NHL,#333,https://assets.nhle.com/mugs/nhl/latest/8484177.png,21,2,4,6,0
8477454,Adam Erne,NHL,#333,https://assets.nhle.com/mugs/nhl/latest/8477454.png,35,5,1,6,2
8482929,Emil Lilleberg,NHL,#333,https://assets.nhle.com/mugs/nhl/latest/8482929.png,36,2,4,6,9
8483425,Lian Bichsel,NHL,#333,https://assets.nhle.com/mugs/nhl/latest/8483425.png,38,3,3,6,7
8479982,Conor Timmins,NHL,#333,https://assets.nhle.com/mugs/nhl/latest/8479982.png,33,0,6,6,-11
8476874,Olli Maatta,NHL,#333,https://assets.nhle.com/mugs/nhl/latest/8476874.png,30,0,6,6,-7
8479365,Trent Frederic,NHL,#333,https://assets.nhle.com/mugs/nhl/latest/8479365.png,67,4,2,6,-16
8476822,Luke Glendening,NHL,#333,https://assets.nhle.com/mugs/nhl/latest/8476822.png,57,1,5,6,-10
8481556,John Beecher,NHL,#333,https://assets.nhle.com/mugs/nhl/latest/8481556.png,32,3,3,6,-5
8484305,Zach Metsa,NHL,#333,https://assets.nhle.com/mugs/nhl/latest/8484305.png,37,2,4,6,20
8480144,David Kampf,NHL,#333,https://assets.nhle.com/mugs/nhl/latest/8480144.png,38,2,4,6,-12
8482094,Daemon Hunt,NHL,#333,https://assets.nhle.com/mugs/nhl/latest/8482094.png,29,0,5,5,-3
8482090,Jack Finley,NHL,#333,https://assets.nhle.com/mugs/nhl/latest/8482090.png,34,2,3,5,2
8483468,Jiri Kulich,NHL,#333,https://assets.nhle.com/mugs/nhl/latest/8483468.png,12,3,2,5,-4
8480870,Bo Groulx,NHL,#333,https://assets.nhle.com/mugs/nhl/latest/8480870.png,7,3,2,5,4
8478413,Jordan Greenway,NHL,#333,https://assets.nhle.com/mugs/nhl/latest/8478413.png,33,1,4,5,-9
8483487,Rutger McGroarty,NHL,#333,https://assets.nhle.com/mugs/nhl/latest/8483487.png,20,2,3,5,-1
8479316,Luke Kunin,NHL,#333,https://assets.nhle.com/mugs/nhl/latest/8479316.png,50,2,3,5,-10
8483471,Brad Lambert,NHL,#333,https://assets.nhle.com/mugs/nhl/latest/8483471.png,12,2,3,5,-2
8484321,Nikolas Matinpalo,NHL,#333,https://assets.nhle.com/mugs/nhl/latest/8484321.png,37,0,5,5,2
8475763,Kevin Hayes,NHL,#333,https://assets.nhle.com/mugs/nhl/latest/8475763.png,25,3,2,5,-4
8483771,Sandis Vilmanis,NHL,#333,https://assets.nhle.com/mugs/nhl/latest/8483771.png,19,3,2,5,-1
8479576,Vincent Desharnais,NHL,#333,https://assets.nhle.com/mugs/nhl/latest/8479576.png,40,1,4,5,3
8477365,Connor Clifton,NHL,#333,https://assets.nhle.com/mugs/nhl/latest/8477365.png,38,2,3,5,0
8483395,Arshdeep Bains,NHL,#333,https://assets.nhle.com/mugs/nhl/latest/8483395.png,28,1,4,5,-3
8478476,Kyle Capobianco,NHL,#333,https://assets.nhle.com/mugs/nhl/latest/8478476.png,31,2,3,5,0
8485493,David Tomasek,NHL,#333,https://assets.nhle.com/mugs/nhl/latest/8485493.png,22,3,2,5,-6
8481725,Elmer Soderblom,NHL,#333,https://assets.nhle.com/mugs/nhl/latest/8481725.png,46,3,2,5,-6
8482859,Zack Ostapchuk,NHL,#333,https://assets.nhle.com/mugs/nhl/latest/8482859.png,45,3,2,5,-10
8482874,Jacob Melanson,NHL,#333,https://assets.nhle.com/mugs/nhl/latest/8482874.png,32,2,3,5,-6
8482103,Ozzy Wiesblatt,NHL,#333,https://assets.nhle.com/mugs/nhl/latest/8482103.png,38,1,4,5,-6
8482715,Ryan Ufko,NHL,#333,https://assets.nhle.com/mugs/nhl/latest/8482715.png,8,2,3,5,1
8477508,Curtis Lazar,NHL,#333,https://assets.nhle.com/mugs/nhl/latest/8477508.png,38,3,2,5,-2
8479550,Tanner Laczynski,NHL,#333,https://assets.nhle.com/mugs/nhl/latest/8479550.png,10,0,5,5,0
8481122,Simon Benoit,NHL,#333,https://assets.nhle.com/mugs/nhl/latest/8481122.png,62,0,5,5,-15
8479944,Zach Aston-Reese,NHL,#333,https://assets.nhle.com/mugs/nhl/latest/8479944.png,26,1,4,5,-1
8481726,Adam Edstrom,NHL,#333,https://assets.nhle.com/mugs/nhl/latest/8481726.png,33,3,2,5,1
8480058,Pierre-Olivier Joseph,NHL,#333,https://assets.nhle.com/mugs/nhl/latest/8480058.png,24,1,4,5,-12
8483455,Isaac Howard,NHL,#333,https://assets.nhle.com/mugs/nhl/latest/8483455.png,28,2,3,5,-6
8477021,Alexander Kerfoot,NHL,#333,https://assets.nhle.com/mugs/nhl/latest/8477021.png,22,2,3,5,-1
8480813,Joseph Veleno,NHL,#333,https://assets.nhle.com/mugs/nhl/latest/8480813.png,51,2,2,4,-8
8483731,Alex Bump,NHL,#333,https://assets.nhle.com/mugs/nhl/latest/8483731.png,8,2,2,4,2
8481077,John Leonard,NHL,#333,https://assets.nhle.com/mugs/nhl/latest/8481077.png,11,2,2,4,-3
8483553,Marc Gatcomb,NHL,#333,https://assets.nhle.com/mugs/nhl/latest/8483553.png,38,1,3,4,-4
8480842,Filip Hallander,NHL,#333,https://assets.nhle.com/mugs/nhl/latest/8480842.png,13,1,3,4,4
8485512,Tim Washe,NHL,#333,https://assets.nhle.com/mugs/nhl/latest/8485512.png,26,2,2,4,1
8481655,Cole Schwindt,NHL,#333,https://assets.nhle.com/mugs/nhl/latest/8481655.png,22,3,1,4,1
8484180,Samuel Honzek,NHL,#333,https://assets.nhle.com/mugs/nhl/latest/8484180.png,18,2,2,4,1
8478841,Colton White,NHL,#333,https://assets.nhle.com/mugs/nhl/latest/8478841.png,23,0,4,4,2
8480879,Jacob Bernard-Docker,NHL,#333,https://assets.nhle.com/mugs/nhl/latest/8480879.png,54,0,4,4,6
8482896,Tyson Kozak,NHL,#333,https://assets.nhle.com/mugs/nhl/latest/8482896.png,40,2,2,4,-3
8476907,Mackenzie MacEachern,NHL,#333,https://assets.nhle.com/mugs/nhl/latest/8476907.png,8,1,3,4,0
8483510,Elias Salomonsson,NHL,#333,https://assets.nhle.com/mugs/nhl/latest/8483510.png,26,1,3,4,-1
8476958,Jaccob Slavin,NHL,#333,https://assets.nhle.com/mugs/nhl/latest/8476958.png,29,0,4,4,5
8484958,Maksim Tsyplakov,NHL,#333,https://assets.nhle.com/mugs/nhl/latest/8484958.png,42,2,2,4,-13
8481167,Brayden Pachal,NHL,#333,https://assets.nhle.com/mugs/nhl/latest/8481167.png,32,0,4,4,2
8477952,Robby Fabbri,NHL,#333,https://assets.nhle.com/mugs/nhl/latest/8477952.png,19,1,3,4,-4
8484797,Konsta Helenius,NHL,#333,https://assets.nhle.com/mugs/nhl/latest/8484797.png,9,1,3,4,1
8477149,Scott Sabourin,NHL,#333,https://assets.nhle.com/mugs/nhl/latest/8477149.png,18,1,3,4,0
8475181,Nick Leddy,NHL,#333,https://assets.nhle.com/mugs/nhl/latest/8475181.png,22,0,4,4,-11
8482623,Josh Dunne,NHL,#333,https://assets.nhle.com/mugs/nhl/latest/8482623.png,31,1,3,4,-5
8480192,Johnathan Kovacevic,NHL,#333,https://assets.nhle.com/mugs/nhl/latest/8480192.png,21,0,4,4,-5
8481178,Egor Zamula,NHL,#333,https://assets.nhle.com/mugs/nhl/latest/8481178.png,28,0,3,3,7
8482131,Donovan Sebrango,NHL,#333,https://assets.nhle.com/mugs/nhl/latest/8482131.png,29,0,3,3,-10
8477903,Garnet Hathaway,NHL,#333,https://assets.nhle.com/mugs/nhl/latest/8477903.png,57,1,2,3,-9
8482861,Vincent Iorio,NHL,#333,https://assets.nhle.com/mugs/nhl/latest/8482861.png,26,0,3,3,-4
8480831,Alec Regula,NHL,#333,https://assets.nhle.com/mugs/nhl/latest/8480831.png,29,0,3,3,-16
8481569,Marshall Warren,NHL,#333,https://assets.nhle.com/mugs/nhl/latest/8481569.png,8,0,3,3,0
8481600,Tobias Bjornfot,NHL,#333,https://assets.nhle.com/mugs/nhl/latest/8481600.png,11,2,1,3,4
8479981,Jonah Gadjovich,NHL,#333,https://assets.nhle.com/mugs/nhl/latest/8479981.png,10,0,3,3,2
8481491,Noah Philp,NHL,#333,https://assets.nhle.com/mugs/nhl/latest/8481491.png,17,2,1,3,-7
8482107,Mike Benning,NHL,#333,https://assets.nhle.com/mugs/nhl/latest/8482107.png,5,0,3,3,1
8481609,Vladislav Kolyachonok,NHL,#333,https://assets.nhle.com/mugs/nhl/latest/8481609.png,13,1,2,3,2
8481704,Juuso Parssinen,NHL,#333,https://assets.nhle.com/mugs/nhl/latest/8481704.png,19,2,1,3,4
8481535,Nils Hoglander,NHL,#333,https://assets.nhle.com/mugs/nhl/latest/8481535.png,28,1,2,3,-3
8480078,Filip Chytil,NHL,#333,https://assets.nhle.com/mugs/nhl/latest/8480078.png,12,3,0,3,-7
8471817,Ryan Reaves,NHL,#333,https://assets.nhle.com/mugs/nhl/latest/8471817.png,50,3,0,3,-12
8479368,Max Jones,NHL,#333,https://assets.nhle.com/mugs/nhl/latest/8479368.png,12,2,1,3,0
8476856,Mathew Dumba,NHL,#333,https://assets.nhle.com/mugs/nhl/latest/8476856.png,11,1,2,3,-5
8475790,Erik Gudbranson,NHL,#333,https://assets.nhle.com/mugs/nhl/latest/8475790.png,24,1,2,3,7
8479985,Cale Fleury,NHL,#333,https://assets.nhle.com/mugs/nhl/latest/8479985.png,19,1,2,3,3
8482516,Matthew Kessel,NHL,#333,https://assets.nhle.com/mugs/nhl/latest/8482516.png,27,2,1,3,3
8483476,Jonathan Lekkerimäki,NHL,#333,https://assets.nhle.com/mugs/nhl/latest/8483476.png,13,2,1,3,-3
8477070,Liam O'Brien,NHL,#333,https://assets.nhle.com/mugs/nhl/latest/8477070.png,32,2,1,3,-6
8483398,Declan Carlile,NHL,#333,https://assets.nhle.com/mugs/nhl/latest/8483398.png,38,1,2,3,5
8482964,Arber Xhekaj,NHL,#333,https://assets.nhle.com/mugs/nhl/latest/8482964.png,55,1,1,2,-6
8484150,Hunter Brzustewicz,NHL,#333,https://assets.nhle.com/mugs/nhl/latest/8484150.png,22,1,1,2,-2
8479402,Jake Bean,NHL,#333,https://assets.nhle.com/mugs/nhl/latest/8479402.png,16,1,1,2,-7
8478043,Sam Lafferty,NHL,#333,https://assets.nhle.com/mugs/nhl/latest/8478043.png,24,1,1,2,0
8480891,Michael Kesselring,NHL,#333,https://assets.nhle.com/mugs/nhl/latest/8480891.png,32,0,2,2,-3
8482877,Jaroslav Chmelar,NHL,#333,https://assets.nhle.com/mugs/nhl/latest/8482877.png,15,2,0,2,-3
8482072,Jack Ahcan,NHL,#333,https://assets.nhle.com/mugs/nhl/latest/8482072.png,9,0,2,2,3
8483447,Conor Geekie,NHL,#333,https://assets.nhle.com/mugs/nhl/latest/8483447.png,11,0,2,2,-2
8480259,Ben Jones,NHL,#333,https://assets.nhle.com/mugs/nhl/latest/8480259.png,26,1,1,2,-10
8475752,Tyler Pitlick,NHL,#333,https://assets.nhle.com/mugs/nhl/latest/8475752.png,32,2,0,2,-4
8481028,Martin Pospisil,NHL,#333,https://assets.nhle.com/mugs/nhl/latest/8481028.png,15,1,1,2,-3
8482993,Avery Hayes,NHL,#333,https://assets.nhle.com/mugs/nhl/latest/8482993.png,11,2,0,2,-6
8481161,Jake Christiansen,NHL,#333,https://assets.nhle.com/mugs/nhl/latest/8481161.png,35,0,2,2,-7
8475690,Chris Tanev,NHL,#333,https://assets.nhle.com/mugs/nhl/latest/8475690.png,11,0,2,2,8
8481732,Andre Lee,NHL,#333,https://assets.nhle.com/mugs/nhl/latest/8481732.png,7,1,1,2,-2
8480887,Jordan Harris,NHL,#333,https://assets.nhle.com/mugs/nhl/latest/8480887.png,6,1,1,2,-1
8484203,Bradly Nadeau,NHL,#333,https://assets.nhle.com/mugs/nhl/latest/8484203.png,8,2,0,2,-2
8474090,Brendan Smith,NHL,#333,https://assets.nhle.com/mugs/nhl/latest/8474090.png,15,0,2,2,-1
8480245,Olle Lycksell,NHL,#333,https://assets.nhle.com/mugs/nhl/latest/8480245.png,7,1,1,2,-2
8484428,Charles Alexis Legault,NHL,#333,https://assets.nhle.com/mugs/nhl/latest/8484428.png,8,1,1,2,4
8477996,Juho Lammikko,NHL,#333,https://assets.nhle.com/mugs/nhl/latest/8477996.png,24,0,2,2,-4
8481070,Hugh McGing,NHL,#333,https://assets.nhle.com/mugs/nhl/latest/8481070.png,3,1,1,2,0
8479293,Brandon Tanev,NHL,#333,https://assets.nhle.com/mugs/nhl/latest/8479293.png,46,0,2,2,-14
8477993,Justin Kirkland,NHL,#333,https://assets.nhle.com/mugs/nhl/latest/8477993.png,20,1,1,2,1
8480876,Curtis Douglas,NHL,#333,https://assets.nhle.com/mugs/nhl/latest/8480876.png,33,0,2,2,-1
8474612,Travis Hamonic,NHL,#333,https://assets.nhle.com/mugs/nhl/latest/8474612.png,25,0,2,2,-10
8479026,Philippe Myers,NHL,#333,https://assets.nhle.com/mugs/nhl/latest/8479026.png,35,0,2,2,-9
8477938,Haydn Fleury,NHL,#333,https://assets.nhle.com/mugs/nhl/latest/8477938.png,28,1,1,2,-15
8479942,Dominik Shine,NHL,#333,https://assets.nhle.com/mugs/nhl/latest/8479942.png,11,2,0,2,-1
8479291,Kevin Rooney,NHL,#333,https://assets.nhle.com/mugs/nhl/latest/8479291.png,1,1,0,1,1
8481599,Victor Soderstrom,NHL,#333,https://assets.nhle.com/mugs/nhl/latest/8481599.png,8,0,1,1,3
8476525,Colin Miller,NHL,#333,https://assets.nhle.com/mugs/nhl/latest/8476525.png,15,0,1,1,-8
8484168,Oscar Fisker Molgaard,NHL,#333,https://assets.nhle.com/mugs/nhl/latest/8484168.png,3,0,1,1,1
8484188,Theo Lindstein,NHL,#333,https://assets.nhle.com/mugs/nhl/latest/8484188.png,6,0,1,1,1
8484386,Dmitri Simashev,NHL,#333,https://assets.nhle.com/mugs/nhl/latest/8484386.png,25,0,1,1,-9
8483930,Ivan Ivan,NHL,#333,https://assets.nhle.com/mugs/nhl/latest/8483930.png,9,0,1,1,1
8484529,Connor Clattenburg,NHL,#333,https://assets.nhle.com/mugs/nhl/latest/8484529.png,5,1,0,1,1
8484403,Florian Xhekaj,NHL,#333,https://assets.nhle.com/mugs/nhl/latest/8484403.png,5,0,1,1,-1
8482168,Maxim Groshev,NHL,#333,https://assets.nhle.com/mugs/nhl/latest/8482168.png,2,0,1,1,1
8484135,Parker Ford,NHL,#333,https://assets.nhle.com/mugs/nhl/latest/8484135.png,11,0,1,1,-2
8479362,Riley Tufte,NHL,#333,https://assets.nhle.com/mugs/nhl/latest/8479362.png,4,1,0,1,-1
8485511,Quinn Hutson,NHL,#333,https://assets.nhle.com/mugs/nhl/latest/8485511.png,4,1,0,1,-1
8483531,Brian Halonen,NHL,#333,https://assets.nhle.com/mugs/nhl/latest/8483531.png,9,1,0,1,-1
8483424,Owen Beck,NHL,#333,https://assets.nhle.com/mugs/nhl/latest/8483424.png,15,1,0,1,4
8480007,Jonas Rondbjerg,NHL,#333,https://assets.nhle.com/mugs/nhl/latest/8480007.png,4,0,1,1,-2
8481065,Angus Crookshank,NHL,#333,https://assets.nhle.com/mugs/nhl/latest/8481065.png,8,1,0,1,1
8482785,Justin Robidas,NHL,#333,https://assets.nhle.com/mugs/nhl/latest/8482785.png,2,0,1,1,0
8481577,Philip Tomasino,NHL,#333,https://assets.nhle.com/mugs/nhl/latest/8481577.png,9,0,1,1,-2
8483728,Jared Davidson,NHL,#333,https://assets.nhle.com/mugs/nhl/latest/8483728.png,10,0,1,1,-4
8483452,Hunter Haight,NHL,#333,https://assets.nhle.com/mugs/nhl/latest/8483452.png,7,0,1,1,-3
8482460,Matt Rempe,NHL,#333,https://assets.nhle.com/mugs/nhl/latest/8482460.png,26,1,0,1,-4
8482206,Ethan Cardwell,NHL,#333,https://assets.nhle.com/mugs/nhl/latest/8482206.png,7,1,0,1,-3
8484873,Cole Hutson,NHL,#333,https://assets.nhle.com/mugs/nhl/latest/8484873.png,2,1,0,1,0
8481560,Arthur Kaliyev,NHL,#333,https://assets.nhle.com/mugs/nhl/latest/8481560.png,2,0,1,1,0
8477979,Nicolas Aube-Kubel,NHL,#333,https://assets.nhle.com/mugs/nhl/latest/8477979.png,4,0,1,1,1
8483039,Tristen Nielsen,NHL,#333,https://assets.nhle.com/mugs/nhl/latest/8483039.png,4,0,1,1,1
8483448,Isaiah George,NHL,#333,https://assets.nhle.com/mugs/nhl/latest/8483448.png,2,0,1,1,0
8477320,Anton Blidh,NHL,#333,https://assets.nhle.com/mugs/nhl/latest/8477320.png,4,0,1,1,1
8480825,Patrick Giles,NHL,#333,https://assets.nhle.com/mugs/nhl/latest/8480825.png,3,0,1,1,1
8478062,Dysin Mayo,NHL,#333,https://assets.nhle.com/mugs/nhl/latest/8478062.png,3,0,1,1,1
8477463,Steven Santini,NHL,#333,https://assets.nhle.com/mugs/nhl/latest/8477463.png,10,0,1,1,1
8479533,Joona Koppanen,NHL,#333,https://assets.nhle.com/mugs/nhl/latest/8479533.png,10,0,1,1,-1
8481014,Alexander Romanov,NHL,#333,https://assets.nhle.com/mugs/nhl/latest/8481014.png,15,0,1,1,-7
8479395,Dennis Cholowski,NHL,#333,https://assets.nhle.com/mugs/nhl/latest/8479395.png,15,0,1,1,-5
8479718,Alex Barré-Boulet,NHL,#333,https://assets.nhle.com/mugs/nhl/latest/8479718.png,1,0,1,1,0
8483466,Kevin Korchinski,NHL,#333,https://assets.nhle.com/mugs/nhl/latest/8483466.png,4,0,1,1,-1
8484262,Travis Mitchell,NHL,#333,https://assets.nhle.com/mugs/nhl/latest/8484262.png,9,1,0,1,0
8483432,Luca Del Bel Belluz,NHL,#333,https://assets.nhle.com/mugs/nhl/latest/8483432.png,13,0,1,1,-2
8483756,Jared Wright,NHL,#333,https://assets.nhle.com/mugs/nhl/latest/8483756.png,10,0,1,1,1
8479339,Patrik Laine,NHL,#333,https://assets.nhle.com/mugs/nhl/latest/8479339.png,5,0,1,1,-3
8477435,Ryan Graves,NHL,#333,https://assets.nhle.com/mugs/nhl/latest/8477435.png,19,1,0,1,-2
8482451,Mikael Pyyhtia,NHL,#333,https://assets.nhle.com/mugs/nhl/latest/8482451.png,5,1,0,1,-1
8484938,Arttu Hyry,NHL,#333,https://assets.nhle.com/mugs/nhl/latest/8484938.png,8,0,1,1,1
8479387,Keaton Middleton,NHL,#333,https://assets.nhle.com/mugs/nhl/latest/8479387.png,3,0,1,1,-1
8478502,Dennis Gilbert,NHL,#333,https://assets.nhle.com/mugs/nhl/latest/8478502.png,6,0,1,1,0
8476952,Dominic Toninato,NHL,#333,https://assets.nhle.com/mugs/nhl/latest/8476952.png,6,0,1,1,1
8485405,Brady Martin,NHL,#333,https://assets.nhle.com/mugs/nhl/latest/8485405.png,3,0,1,1,0
8482153,Brendan Brisson,NHL,#333,https://assets.nhle.com/mugs/nhl/latest/8482153.png,3,0,1,1,-1
8482118,Sam Colangelo,NHL,#333,https://assets.nhle.com/mugs/nhl/latest/8482118.png,9,1,0,1,-3
8480871,Adam Boqvist,NHL,#333,https://assets.nhle.com/mugs/nhl/latest/8480871.png,21,0,1,1,-4
8477931,Tomas Nosek,NHL,#333,https://assets.nhle.com/mugs/nhl/latest/8477931.png,9,0,1,1,-2
8483505,Matthew Poitras,NHL,#333,https://assets.nhle.com/mugs/nhl/latest/8483505.png,3,1,0,1,1
8483699,Angus Booth,NHL,#333,https://assets.nhle.com/mugs/nhl/latest/8483699.png,1,1,0,1,1
8475718,Justin Holl,NHL,#333,https://assets.nhle.com/mugs/nhl/latest/8475718.png,4,0,1,1,3
8484839,Harrison Brunicke,NHL,#333,https://assets.nhle.com/mugs/nhl/latest/8484839.png,9,1,0,1,-4
8482742,Zachary L'Heureux,NHL,#333,https://assets.nhle.com/mugs/nhl/latest/8482742.png,12,1,0,1,3
8477541,Dakota Mermis,NHL,#333,https://assets.nhle.com/mugs/nhl/latest/8477541.png,11,1,0,1,-3
8484794,Michael Brandsegg-Nygård,NHL,#333,https://assets.nhle.com/mugs/nhl/latest/8484794.png,12,0,1,1,-5
8479644,Matt Luff,NHL,#333,https://assets.nhle.com/mugs/nhl/latest/8479644.png,5,1,0,1,-2
8482747,Brennan Othmann,NHL,#333,https://assets.nhle.com/mugs/nhl/latest/8482747.png,17,1,0,1,-4
8478452,Caleb Jones,NHL,#333,https://assets.nhle.com/mugs/nhl/latest/8478452.png,7,0,1,1,1
8477073,Kurtis MacDermid,NHL,#333,https://assets.nhle.com/mugs/nhl/latest/8477073.png,17,0,1,1,-4
8483472,Maveric Lamoureux,NHL,#333,https://assets.nhle.com/mugs/nhl/latest/8483472.png,5,0,1,1,4
8481594,Nathan Légaré,NHL,#333,https://assets.nhle.com/mugs/nhl/latest/8481594.png,1,0,0,0,0
8474149,Evgenii Dadonov,NHL,#333,https://assets.nhle.com/mugs/nhl/latest/8474149.png,18,0,0,0,-4
8481562,Domenick Fensore,NHL,#333,https://assets.nhle.com/mugs/nhl/latest/8481562.png,1,0,0,0,-2
8483491,Ivan Miroshnichenko,NHL,#333,https://assets.nhle.com/mugs/nhl/latest/8483491.png,4,0,0,0,1
8481712,Matej Blümel,NHL,#333,https://assets.nhle.com/mugs/nhl/latest/8481712.png,4,0,0,0,-3
8481715,Hunter Skinner,NHL,#333,https://assets.nhle.com/mugs/nhl/latest/8481715.png,1,0,0,0,1
8484214,Luca Pinelli,NHL,#333,https://assets.nhle.com/mugs/nhl/latest/8484214.png,3,0,0,0,-1
8482766,William Stromgren,NHL,#333,https://assets.nhle.com/mugs/nhl/latest/8482766.png,3,0,0,0,-1
8480874,Adam Ginning,NHL,#333,https://assets.nhle.com/mugs/nhl/latest/8480874.png,5,0,0,0,0
8483766,David Spacek,NHL,#333,https://assets.nhle.com/mugs/nhl/latest/8483766.png,2,0,0,0,-1
8481848,Jacob Gaucher,NHL,#333,https://assets.nhle.com/mugs/nhl/latest/8481848.png,3,0,0,0,-1
8483433,Jack Devine,NHL,#333,https://assets.nhle.com/mugs/nhl/latest/8483433.png,6,0,0,0,-3
8479421,Jacob Moverare,NHL,#333,https://assets.nhle.com/mugs/nhl/latest/8479421.png,15,0,0,0,-4
8482132,Brett Berard,NHL,#333,https://assets.nhle.com/mugs/nhl/latest/8482132.png,13,0,0,0,-1
8482698,Tristan Broz,NHL,#333,https://assets.nhle.com/mugs/nhl/latest/8482698.png,1,0,0,0,-1
8484255,Jason Polin,NHL,#333,https://assets.nhle.com/mugs/nhl/latest/8484255.png,3,0,0,0,1
8479543,Michael Pezzetta,NHL,#333,https://assets.nhle.com/mugs/nhl/latest/8479543.png,2,0,0,0,-1
8483465,Joakim Kemell,NHL,#333,https://assets.nhle.com/mugs/nhl/latest/8483465.png,5,0,0,0,1
8484821,Sam Morton,NHL,#333,https://assets.nhle.com/mugs/nhl/latest/8484821.png,3,0,0,0,-1
8477401,John Hayden,NHL,#333,https://assets.nhle.com/mugs/nhl/latest/8477401.png,3,0,0,0,-1
8482162,Roby Jarventie,NHL,#333,https://assets.nhle.com/mugs/nhl/latest/8482162.png,1,0,0,0,0
8477034,Jaycob Megna,NHL,#333,https://assets.nhle.com/mugs/nhl/latest/8477034.png,4,0,0,0,-5
8483460,David Jiricek,NHL,#333,https://assets.nhle.com/mugs/nhl/latest/8483460.png,25,0,0,0,0
8483546,Marshall Rifai,NHL,#333,https://assets.nhle.com/mugs/nhl/latest/8483546.png,1,0,0,0,0
8482787,Nikita Chibrikov,NHL,#333,https://assets.nhle.com/mugs/nhl/latest/8482787.png,8,0,0,0,0
8475795,Dylan McIlrath,NHL,#333,https://assets.nhle.com/mugs/nhl/latest/8475795.png,12,0,0,0,-1
8485385,Braeden Cootes,NHL,#333,https://assets.nhle.com/mugs/nhl/latest/8485385.png,3,0,0,0,-2
8483567,Georgii Merkulov,NHL,#333,https://assets.nhle.com/mugs/nhl/latest/8483567.png,1,0,0,0,-1
8478147,Bokondji Imama,NHL,#333,https://assets.nhle.com/mugs/nhl/latest/8478147.png,2,0,0,0,0
8476988,Matthew Benning,NHL,#333,https://assets.nhle.com/mugs/nhl/latest/8476988.png,1,0,0,0,0
8483675,Kenny Connors,NHL,#333,https://assets.nhle.com/mugs/nhl/latest/8483675.png,2,0,0,0,-1
8485251,Kai Uchacz,NHL,#333,https://assets.nhle.com/mugs/nhl/latest/8485251.png,3,0,0,0,-1
8482496,Nils Aman,NHL,#333,https://assets.nhle.com/mugs/nhl/latest/8482496.png,2,0,0,0,0
8482781,Carson Lambos,NHL,#333,https://assets.nhle.com/mugs/nhl/latest/8482781.png,1,0,0,0,1
8475762,Derek Forbort,NHL,#333,https://assets.nhle.com/mugs/nhl/latest/8475762.png,2,0,0,0,0
8482070,Mitchell Chaffee,NHL,#333,https://assets.nhle.com/mugs/nhl/latest/8482070.png,7,0,0,0,0
8482673,Xavier Bourgault,NHL,#333,https://assets.nhle.com/mugs/nhl/latest/8482673.png,2,0,0,0,-1
8483463,Aleksanteri Kaskimaki,NHL,#333,https://assets.nhle.com/mugs/nhl/latest/8483463.png,5,0,0,0,-6
8481591,Samuel Poulin,NHL,#333,https://assets.nhle.com/mugs/nhl/latest/8481591.png,2,0,0,0,-2
8480828,Michael Callahan,NHL,#333,https://assets.nhle.com/mugs/nhl/latest/8480828.png,5,0,0,0,-1
8475413,Justin Dowling,NHL,#333,https://assets.nhle.com/mugs/nhl/latest/8475413.png,2,0,0,0,-1
8477971,Andreas Englund,NHL,#333,https://assets.nhle.com/mugs/nhl/latest/8477971.png,3,0,0,0,-1
8481518,Nolan Foote,NHL,#333,https://assets.nhle.com/mugs/nhl/latest/8481518.png,2,0,0,0,-2
8483526,Danil Zhilkin,NHL,#333,https://assets.nhle.com/mugs/nhl/latest/8483526.png,4,0,0,0,2
8481564,Ryan Johnson,NHL,#333,https://assets.nhle.com/mugs/nhl/latest/8481564.png,3,0,0,0,0
8482192,Isaak Phillips,NHL,#333,https://assets.nhle.com/mugs/nhl/latest/8482192.png,3,0,0,0,0
8482624,Daniil Miromanov,NHL,#333,https://assets.nhle.com/mugs/nhl/latest/8482624.png,1,0,0,0,0
8480021,Jack Studnicka,NHL,#333,https://assets.nhle.com/mugs/nhl/latest/8480021.png,18,0,0,0,-6
8476979,Erik Gustafsson,NHL,#333,https://assets.nhle.com/mugs/nhl/latest/8476979.png,2,0,0,0,-2
8481567,Henry Thrun,NHL,#333,https://assets.nhle.com/mugs/nhl/latest/8481567.png,4,0,0,0,-1
8482807,Ethan Del Mastro,NHL,#333,https://assets.nhle.com/mugs/nhl/latest/8482807.png,8,0,0,0,-5
8482479,Trevor Kuntar,NHL,#333,https://assets.nhle.com/mugs/nhl/latest/8482479.png,1,0,0,0,-1
8478211,Dryden Hunt,NHL,#333,https://assets.nhle.com/mugs/nhl/latest/8478211.png,3,0,0,0,-3
8484287,Cole McWard,NHL,#333,https://assets.nhle.com/mugs/nhl/latest/8484287.png,3,0,0,0,1
8484779,Jett Luchanko,NHL,#333,https://assets.nhle.com/mugs/nhl/latest/8484779.png,4,0,0,0,-3
8482067,Connor Mackey,NHL,#333,https://assets.nhle.com/mugs/nhl/latest/8482067.png,1,0,0,0,-2
8481547,Simon Lundmark,NHL,#333,https://assets.nhle.com/mugs/nhl/latest/8481547.png,1,0,0,0,1
8475179,Dmitry Kulikov,NHL,#333,https://assets.nhle.com/mugs/nhl/latest/8475179.png,12,0,0,0,-3
8482941,Shane Lachance,NHL,#333,https://assets.nhle.com/mugs/nhl/latest/8482941.png,1,0,0,0,0
8481572,Ville Heinola,NHL,#333,https://assets.nhle.com/mugs/nhl/latest/8481572.png,3,0,0,0,0
8482652,Walker Duehr,NHL,#333,https://assets.nhle.com/mugs/nhl/latest/8482652.png,3,0,0,0,-1
8482209,Rory Kerins,NHL,#333,https://assets.nhle.com/mugs/nhl/latest/8482209.png,2,0,0,0,-1
8480326,Sheldon Dries,NHL,#333,https://assets.nhle.com/mugs/nhl/latest/8480326.png,5,0,0,0,0
8479383,Boris Katchouk,NHL,#333,https://assets.nhle.com/mugs/nhl/latest/8479383.png,3,0,0,0,0
8483429,Seamus Casey,NHL,#333,https://assets.nhle.com/mugs/nhl/latest/8483429.png,2,0,0,0,-3
8479388,Riley Stillman,NHL,#333,https://assets.nhle.com/mugs/nhl/latest/8479388.png,4,0,0,0,1
8475461,Andrew Agozzino,NHL,#333,https://assets.nhle.com/mugs/nhl/latest/8475461.png,2,0,0,0,0
8483686,Adam Engstrom,NHL,#333,https://assets.nhle.com/mugs/nhl/latest/8483686.png,11,0,0,0,3
8481592,Jakob Pelletier,NHL,#333,https://assets.nhle.com/mugs/nhl/latest/8481592.png,2,0,0,0,0
8481517,Brett Leason,NHL,#333,https://assets.nhle.com/mugs/nhl/latest/8481517.png,6,0,0,0,-2
8479941,Justin Danforth,NHL,#333,https://assets.nhle.com/mugs/nhl/latest/8479941.png,4,0,0,0,-2
8481534,Raphael Lavoie,NHL,#333,https://assets.nhle.com/mugs/nhl/latest/8481534.png,1,0,0,0,0
8478967,Lane Pederson,NHL,#333,https://assets.nhle.com/mugs/nhl/latest/8478967.png,5,0,0,0,0
8478173,Hayden Hodgson,NHL,#333,https://assets.nhle.com/mugs/nhl/latest/8478173.png,9,0,0,0,-1
8482749,Joshua Roy,NHL,#333,https://assets.nhle.com/mugs/nhl/latest/8482749.png,3,0,0,0,0
8476391,T.J. Tynan,NHL,#333,https://assets.nhle.com/mugs/nhl/latest/8476391.png,1,0,0,0,1
8483768,Victor Mancini,NHL,#333,https://assets.nhle.com/mugs/nhl/latest/8483768.png,19,0,0,0,-11
8482953,Taylor Makar,NHL,#333,https://assets.nhle.com/mugs/nhl/latest/8482953.png,12,0,0,0,0
8482167,Bogdan Trineyev,NHL,#333,https://assets.nhle.com/mugs/nhl/latest/8482167.png,2,0,0,0,0
8479772,Zack MacEwen,NHL,#333,https://assets.nhle.com/mugs/nhl/latest/8479772.png,3,0,0,0,0
8483503,Owen Pickering,NHL,#333,https://assets.nhle.com/mugs/nhl/latest/8483503.png,4,0,0,0,-3
8476425,Joseph LaBate,NHL,#333,https://assets.nhle.com/mugs/nhl/latest/8476425.png,1,0,0,0,-1
8483841,Xavier Parent,NHL,#333,https://assets.nhle.com/mugs/nhl/latest/8483841.png,5,0,0,0,-1
8477419,Mason Geertsen,NHL,#333,https://assets.nhle.com/mugs/nhl/latest/8477419.png,5,0,0,0,-1
8475253,Garrett Wilson,NHL,#333,https://assets.nhle.com/mugs/nhl/latest/8475253.png,2,0,0,0,-1
8484933,Mikulas Hovorka,NHL,#333,https://assets.nhle.com/mugs/nhl/latest/8484933.png,1,0,0,0,-3
8482804,Ty Murchison,NHL,#333,https://assets.nhle.com/mugs/nhl/latest/8482804.png,3,0,0,0,1
8484901,Jacob Quillan,NHL,#333,https://assets.nhle.com/mugs/nhl/latest/8484901.png,13,0,0,0,-3
8479639,Dylan Coghlan,NHL,#333,https://assets.nhle.com/mugs/nhl/latest/8479639.png,3,0,0,0,1
